Diagnostics & Research,61.852073486098014
Medical Care Facilities,41.07472541070195
Household & Personal Products,40.98359908210152
Asset Management,39.22549021899448
Electronics & Computer Distribution,38.130127694571755
Medical Instruments & Supplies,27.855144263049155
Insurance - Life,27.597679486649685
Apparel Retail,27.13991923823315
Capital Markets,21.361838716153493
"Furnishings, Fixtures & Appliances",20.936957458421414
Gold,13.860568750891735
Medical Devices,13.257347427772293
Specialty Retail,12.273555258991253
Oil & Gas Integrated,11.28215772090679
Oil & Gas Midstream,10.412147617608882
N/A,10.0784236210479
Software - Infrastructure,9.540020427458847
Building Materials,7.878449500333893
Drug Manufacturers - Specialty & Generic,6.590599977064238
Insurance - Reinsurance,5.82524889858715
Other Precious Metals & Mining,4.340072539885498
Oil & Gas E&P,3.3580837625948745
Chemicals,3.1170407704863283
Semiconductors,0.3621633442309736
Packaged Foods,-2.6187217484099503
Real Estate Services,-3.065936428641656
Specialty Industrial Machinery,-3.711079906073422
Auto & Truck Dealerships,-4.033726514139823
Healthcare Plans,-4.398748666608714
Software - Application,-5.3794791739525785
Insurance - Property & Casualty,-7.066093973551149
Internet Content & Information,-7.829320687522941
Grocery Stores,-8.222558672328105
Information Technology Services,-9.87753867848465
Biotechnology,-10.402531224603473
Travel Services,-10.714953999576512
Communication Equipment,-11.751747318597925
Leisure,-14.014418561140324
REIT - Mortgage,-14.419504089369006
Oil & Gas Equipment & Services,-15.08306046814242
Gambling,-15.783723317103304
Utilities - Independent Power Producers,-16.192169551762646
Utilities - Regulated Electric,-16.818910689925318
Specialty Chemicals,-17.113675088377594
Internet Retail,-17.31184838398496
Restaurants,-17.79272467695608
Electronic Components,-18.118113650520584
Entertainment,-18.664385686785927
Airlines,-18.707258926234154
Computer Hardware,-19.38802078791826
Copper,-19.721220872439147
Education & Training Services,-20.875230773197924
Telecom Services,-21.151271326414832
Farm Products,-21.582116974918858
Luxury Goods,-25.82697274084948
Engineering & Construction,-28.160437271037438
Banks - Regional,-28.325318556128458
Railroads,-29.209444117523226
Aerospace & Defense,-29.563569605052955
Tobacco,-30.0859162470825
Electrical Equipment & Parts,-32.777779573018236
Auto Parts,-33.41405269392976
Rental & Leasing Services,-33.471241692634464
Utilities - Renewable,-34.80663015446467
Metal Fabrication,-37.51838979535877
Conglomerates,-39.61195272811832
Advertising Agencies,-42.12487360108265
Other Industrial Metals & Mining,-43.60915019244782
Marine Shipping,-50.23752946253317
Insurance Brokers,-52.116528282545005
Credit Services,-54.52818970214499
