Electronics & Computer Distribution,16.358375537842438
Oil & Gas Refining & Marketing,12.737870041769842
Diagnostics & Research,8.401615601647714
Semiconductors,7.798490384623469
"Furnishings, Fixtures & Appliances",7.304504895336746
Capital Markets,7.090562768428725
Utilities - Independent Power Producers,6.480999137234457
Apparel Retail,5.809702775977672
Medical Care Facilities,4.91783024952917
Software - Infrastructure,4.706324694861779
Real Estate Services,4.648954219101093
Lodging,3.9495496739637517
N/A,2.9445468167862905
Semiconductor Equipment & Materials,2.5548814731986402
Healthcare Plans,2.4732206191691666
Scientific & Technical Instruments,2.1006211304197446
Communication Equipment,2.036511972992031
Drug Manufacturers - General,0.9624866600273232
Specialty Industrial Machinery,0.9061940839536095
Pollution & Treatment Controls,0.7694206643820138
Insurance - Life,0.6264136695378875
Waste Management,0.6233806276347099
Steel,0.48077456215266967
REIT - Hotel & Motel,0.23850916817990397
Household & Personal Products,0.1834699709476111
Medical Devices,0.17974485444033605
Airlines,-0.15328360705876903
Oil & Gas E&P,-0.15375112185233455
Oil & Gas Equipment & Services,-0.30757989923926427
Discount Stores,-0.40987320646164693
Oil & Gas Integrated,-0.5689370858590248
Beverages - Brewers,-0.6647333842177923
Medical Distribution,-0.7376134186100561
Drug Manufacturers - Specialty & Generic,-0.7442309751956899
Insurance - Diversified,-0.7639034802152068
Utilities - Diversified,-0.7842355985257332
Building Materials,-0.8022432295589917
Specialty Chemicals,-0.859041738483138
Medical Instruments & Supplies,-0.9486625010127233
Consumer Electronics,-1.0103160267552584
Utilities - Regulated Gas,-1.0187071801023966
Copper,-1.2442292705264901
Internet Content & Information,-1.3947188006661841
Auto Manufacturers,-1.4689801395723936
REIT - Specialty,-1.5032744792793094
Financial Data & Stock Exchanges,-1.5476785743669181
Insurance - Property & Casualty,-1.5941289876916773
Confectioners,-1.7008832934080784
Building Products & Equipment,-1.787314359379417
Food Distribution,-1.8459642437415322
Utilities - Regulated Electric,-1.9039378537514124
Packaged Foods,-2.016908381374246
Specialty Retail,-2.076627185970285
Electronic Gaming & Multimedia,-2.07967519242553
Software - Application,-2.110967935207392
Computer Hardware,-2.2343046966502764
Entertainment,-2.767938200966027
Gold,-2.883210850257662
Footwear & Accessories,-3.1844807119984373
Information Technology Services,-3.2007279766793237
REIT - Industrial,-3.260908916592884
Industrial Distribution,-3.406596489482132
Auto Parts,-3.4637735202913214
Luxury Goods,-3.499232822752451
Beverages - Non-Alcoholic,-3.5383134256390276
Oil & Gas Midstream,-3.548966574371094
Travel Services,-3.595150050616512
Tools & Accessories,-3.670790859203326
Trucking,-3.747010805375713
Packaging & Containers,-3.785855593001917
REIT - Residential,-4.170838672278668
Residential Construction,-4.220453063641248
Education & Training Services,-4.297367245883815
Home Improvement Retail,-4.445948196094946
Engineering & Construction,-4.498410991824148
Security & Protection Services,-4.504225994278205
Grocery Stores,-4.5309473177826645
REIT - Diversified,-4.545680598779868
Banks - Diversified,-4.609691665625695
Consulting Services,-4.630243061427365
Asset Management,-4.802694524158949
Apparel Manufacturing,-4.803875445306159
Utilities - Regulated Water,-4.817998385857975
REIT - Retail,-4.876999279676037
Specialty Business Services,-4.953794749856569
Railroads,-5.031498197943898
Farm Products,-5.08185158655095
Agricultural Inputs,-5.182440143093292
Farm & Heavy Construction Machinery,-5.281217861242532
Personal Services,-5.346230623552169
Tobacco,-5.494310371555583
Integrated Freight & Logistics,-5.5158636411529205
Internet Retail,-5.569964794331051
Restaurants,-5.608813390004874
Solar,-5.631461838880339
Biotechnology,-5.6690572662604355
REIT - Office,-5.854076635145843
Chemicals,-5.968487964255435
Electronic Components,-5.970477393202287
REIT - Healthcare Facilities,-6.124193864016898
Credit Services,-6.222423134384147
Other Precious Metals & Mining,-6.383731424998196
Telecom Services,-6.949823109992703
Leisure,-7.065700508012616
Conglomerates,-7.1563817075374265
Banks - Regional,-7.564345072207753
Electrical Equipment & Parts,-7.620892775616116
Aerospace & Defense,-7.6699208367943426
Auto & Truck Dealerships,-7.716220709963581
Resorts & Casinos,-8.95143106073988
Utilities - Renewable,-9.88006216470327
Gambling,-11.196201487869482
Insurance Brokers,-11.99032149965612
Advertising Agencies,-12.504807025444967
Insurance - Reinsurance,-13.0240679656934
Metal Fabrication,-15.383730483956356
Rental & Leasing Services,-16.67447861513518
Uranium,-18.64721556722704
Other Industrial Metals & Mining,-20.94234264921634
Marine Shipping,-45.343819337412064
