SOUN,0.24,5.95,105.13,-21.3,-1,0.01,-0.08,-1/13,buy,5.65-22.17,-18.42,73.0,17.0,14.79,mere Buy (some sold),29.78 million,Technology,Software - Application,2.831,6.83,8.06,1.15,0.74,0.06
SOFI,1.11,15.95,203.69,-21.71,0,0.01,0.06,0/13,hold,14.88-32.73,-14.8,51.0,30.0,25.18,Sell,58.91 million,Financial Services,Credit Services,2.208,17.89,21.43,1.12,0.74,0.04
PDYN,2.47,5.32,274.35,-7.02,0,-0.06,-0.35,0/13,buy,4.14-10.728,-21.5,50.0,15.0,12.88,Sell,982.29 thousand,Technology,Software - Infrastructure,3.663,5.82,6.93,1.09,0.77,-0.05
AR,2.62,34.53,37.95,1.97,2,-0.08,-0.1,2/13,buy,29.1-45.75,-5.4,25.0,60.0,55.14,Buy,4.24 million,Energy,Oil & Gas E&P,0.348,36.76,43.48,1.06,0.79,0.07
TSLA,4.2,359.15,161.83,-16.18,3,-0.15,-0.22,3/13,hold,297.38-498.83,5.53,28.000000000000004,600.0,497.92,Sell,39.19 million,Consumer Cyclical,Auto Manufacturers,1.845,359.47,430.94,1.0,0.83,0.14
ACHR,4.56,5.26,227.93,30.23,1,0.09,0.36,1/13,buy,4.3-14.62,-21.48,64.0,18.0,14.31,mere Buy (some sold),26.14 million,Industrials,Aerospace & Defense,3.234,5.61,6.81,1.07,0.77,0.02
ALLT,5.38,8.52,153.73,2.29,2,0.03,0.59,2/13,buy,6.12-11.92,9.86,28.999999999999996,17.0,15.24,Buy,257.07 thousand,Technology,Software - Infrastructure,1.506,8.06,9.8,0.95,0.87,0.13
HOOD,6.73,116.94,155.08,17.61,3,0.18,0.42,3/13,buy,63.515-153.86,17.69,24.0,170.0,150.04,mere Buy (some sold),18.62 million,Financial Services,Capital Markets,2.34,108.36,129.19,0.93,0.91,0.02
NVDA,8.22,229.88,196.77,33.47,5,0.23,0.12,5/13,buy,164.27-236.54,2.23,3.0,515.0,421.35,- +Buy time -,125.54 million,Technology,Semiconductors,2.217,219.42,266.66,0.95,0.86,0.1
TARS,8.91,75.68,67.41,32.69,10,0.03,-0.57,10/13,buy,53.89-91.53,6.69,17.0,116.0,107.75,Sell,764.53 thousand,Healthcare,Biotechnology,0.541,71.18,85.25,0.94,0.89,-0.04
PLTR,11.69,188.4,150.27,106.39,6,0.11,0.37,6/13,buy,106.37-207.52,8.41,9.0,255.0,225.28,Buy,32.75 million,Technology,Software - Infrastructure,1.621,163.91,198.44,0.87,0.95,-0.01
KMDA,12.32,8.62,55.09,51.9,9,0.0,0.03,9/13,buy,6.5-9.35,11.8,8.0,15.0,14.25,== less Sell ALL==,135.88 thousand,Healthcare,Drug Manufacturers - Specialty & Generic,0.141,7.75,9.42,0.9,0.92,2.23
VRME,15.56,0.96,6.75,199.85,-1,0.06,0.78,-1/13,,0.59-1.95,30.38,51.0,0.1,0.1,mere Buy (some sold),7.79 million,Industrials,Security & Protection Services,0.327,0.81,14.54,0.84,0.07,2.5
