HQY,0.06,91.55,14.25,-49.54,-1,0.17,0.15,-1/4,buy,72.76-107.62,-5.14,15.0,142.0,130.67,Sell ALL,935.19 thousand,Healthcare,Health Information Services,0.242,95.74,117.67,1.05,0.78,0.56
ZVIA,0.06,1.21,368.09,-28.83,-2,0.03,1.13,-2/4,buy,1.11-2.78,-4.13,56.00000000000001,6.0,4.98,Sell ALL,447.33 thousand,Consumer Defensive,Beverages - Non-Alcoholic,0.931,1.35,1.6,1.12,0.76,0.14
USAC,0.06,25.39,-27.78,-82.91,0,-0.04,-0.11,0/4,hold,21.85-30.55,-8.86,17.0,33.0,31.5,Sell ALL,566.00 thousand,Energy,Oil & Gas Equipment & Services,0.251,26.82,32.53,1.06,0.78,0.45
CAPL,0.07,21.68,31.25,-49.88,-1,0.41,2.14,-1/4,hold,19.67-24.63,-5.17,12.0,0.1,0.1,Sell ALL,46.74 thousand,Energy,Oil & Gas Refining & Marketing,0.321,22.69,27.83,1.05,0.78,0.53
DY,0.08,274.41,198.63,-109.62,0,2.27,0.75,0/4,buy,263.36-566.47,-12.05,52.0,625.0,572.95,Sell ALL,783.74 thousand,Industrials,Engineering & Construction,1.5,294.7,348.51,1.07,0.79,0.33
FOA,0.09,13.51,277.99,-117.68,0,-0.25,-0.23,0/4,buy,12.15-29.79,-12.95,55.00000000000001,32.0,31.5,Sell,78.97 thousand,Financial Services,Credit Services,1.686,14.93,16.83,1.11,0.8,0.26
PAY,0.11,31.62,159.28,-134.74,0,0.09,0.53,0/4,buy,20.11-45.31,-15.05,30.0,45.0,42.57,Sell ALL,1.17 million,Technology,Software - Infrastructure,1.338,35.31,41.14,1.12,0.77,0.88
PRM,0.16,28.07,454.11,-110.24,-1,-0.04,1.91,-1/4,strongBuy,19.7-38.17,-12.43,26.0,48.0,45.38,Sell ALL,1.48 million,Basic Materials,Specialty Chemicals,1.918,31.22,36.83,1.11,0.76,0.52
CNVS,0.16,1.94,332.98,-126.56,0,0.07,0.9,0/4,buy,1.77-3.55,-13.92,45.0,14.0,12.75,Sell ALL,145.73 thousand,Communication Services,Entertainment,1.712,2.16,2.51,1.11,0.77,0.33
GGAL,0.17,38.25,-36.25,-131.14,-1,0.1,0.07,-1/4,strongBuy,27.5-62.52,-14.52,39.0,103.0,84.79,Sell ALL,1.27 million,Financial Services,Banks - Regional,0.29,42.25,54.43,1.1,0.7,2.15
AROC,0.23,30.1,166.75,-83.29,-1,-0.17,-0.36,-1/4,buy,22.88-42.23,-8.87,28.999999999999996,46.0,44.25,Sell ALL,1.80 million,Energy,Oil & Gas Equipment & Services,0.913,31.81,38.44,1.06,0.78,0.87
MRBK,0.23,18.88,127.87,-37.67,-1,-0.03,-0.06,-1/4,strongBuy,13.81-21.67,-3.87,13.0,24.0,23.5,Sell ALL,94.82 thousand,Financial Services,Banks - Regional,0.64,19.65,23.21,1.04,0.81,0.24
DBX,0.23,34.37,21.12,-30.08,-1,0.07,0.11,-1/4,hold,21.695-38.17,-3.46,10.0,42.0,36.9,Sell ALL,5.16 million,Technology,Software - Infrastructure,0.631,36.31,44.24,1.06,0.78,0.43
KINS,0.24,18.55,71.98,-34.82,-1,0.09,0.09,-1/4,buy,13.83-20.9,-3.61,11.0,24.0,24.0,Sell ALL,97.62 thousand,Financial Services,Insurance - Property & Casualty,0.424,19.38,23.29,1.04,0.8,0.36
EE,0.27,34.13,258.08,-112.54,0,-0.08,-0.15,0/4,buy,24.89-43.175,-12.54,21.0,50.0,46.73,Buy,741.00 thousand,Energy,Oil & Gas Midstream,1.251,37.07,42.83,1.09,0.8,0.42
BBCP,0.27,9.83,170.9,-45.53,-1,0.08,5.38,-1/4,hold,5.555-12.19,-4.7,19.0,12.0,12.0,Sell,213.59 thousand,Industrials,Engineering & Construction,0.862,10.17,12.2,1.03,0.81,0.29
LNSR,0.27,6.77,161.41,-81.29,1,-0.32,-0.03,1/5,buy,4.95-12.94,-12.26,48.0,13.0,12.17,Buy,59.15 thousand,Healthcare,Medical Devices,0.946,7.35,8.46,1.09,0.8,-0.37
ALTO,0.3,3.79,-45.09,-27.28,-1,0.04,-1.19,-1/4,buy,0.99-6.11,-2.9,38.0,10.0,9.17,Sell ALL,1.44 million,Basic Materials,Specialty Chemicals,0.148,4.01,4.84,1.06,0.78,0.61
OMF,0.3,56.24,198.78,-106.38,0,0.14,0.09,0/4,buy,45.78-71.93,-11.58,22.0,85.0,76.82,Sell ALL,1.07 million,Financial Services,Credit Services,1.212,60.84,72.85,1.08,0.77,0.49
IMPP,0.32,5.27,224.84,-91.32,0,0.2,0.64,0/4,strongBuy,3.15-6.57,-9.87,20.0,9.0,9.0,Sell ALL,888.03 thousand,Energy,Oil & Gas Midstream,1.189,5.75,6.75,1.09,0.78,0.19
MMYT,0.33,45.0,132.69,-104.14,0,0.01,-0.0,0/4,buy,32.67-96.6,-11.31,53.0,85.0,79.65,Sell ALL,1.24 million,Consumer Cyclical,Travel Services,1.065,49.15,59.57,1.09,0.76,0.65
BROS,0.37,38.56,476.82,-94.79,0,0.03,0.14,0/5,buy,37.4-74.024,-13.85,48.0,95.0,83.96,Sell,3.55 million,Consumer Cyclical,Restaurants,2.312,41.03,46.99,1.06,0.82,-0.12
TTI,0.38,6.03,224.74,-117.93,0,0.03,1.32,0/4,buy,5.4-12.54,-12.94,52.0,13.0,12.31,Sell ALL,2.34 million,Energy,Oil & Gas Equipment & Services,1.262,6.47,7.81,1.07,0.77,0.69
PRDO,0.39,31.54,107.19,-45.12,-1,0.06,0.07,-1/4,strongBuy,26.66-38.5,-4.69,18.0,44.0,44.0,Sell ALL,933.31 thousand,Consumer Defensive,Education & Training Services,0.722,32.95,39.47,1.04,0.8,0.58
ACHR,0.39,4.72,623.95,-155.04,0,0.09,0.36,0/4,buy,4.3-14.62,-18.22,68.0,18.0,14.31,Sell ALL,27.41 million,Industrials,Aerospace & Defense,3.27,5.45,6.23,1.15,0.76,0.33
EOSE,0.4,3.27,709.11,-166.05,0,1.16,5.18,0/4,hold,2.96-19.86,-20.8,84.0,10.0,8.25,Sell ALL,29.70 million,Industrials,Electrical Equipment & Parts,2.882,3.93,4.3,1.2,0.76,0.39
SLNG,0.4,5.01,-172.08,-33.29,0,-0.48,-26.0,0/4,buy,3.21-7.07,-4.39,28.999999999999996,9.0,9.0,Sell ALL,24.36 thousand,Energy,Oil & Gas Integrated,1,5.35,6.4,1.07,0.78,0.44
SMR,0.45,7.68,484.74,-103.25,0,-0.0,-0.01,0/4,hold,7.21-57.42,-12.11,87.0,20.0,15.98,Sell ALL,54.70 million,Industrials,Specialty Industrial Machinery,2.371,8.85,10.06,1.15,0.76,-0.11
BSX,0.45,42.4,130.77,-12.88,-1,0.04,0.05,-1/4,buy,41.94-105.65,-1.37,60.0,94.0,77.31,Sell ALL,28.01 million,Healthcare,Medical Devices,0.575,44.0,52.71,1.04,0.8,0.07
AKBA,0.45,0.91,-46.05,-43.19,0,-0.01,-0.53,0/4,buy,0.814-3.2,-4.56,72.0,6.0,4.96,== less Sell ALL==,9.19 million,Healthcare,Drug Manufacturers - Specialty & Generic,0.18,0.95,1.12,1.04,0.81,0.26
MESO,0.46,14.22,7.39,-76.26,0,1,1,0/4,strongBuy,13.05-21.5,-8.86,34.0,39.0,38.0,Sell ALL,275.51 thousand,Healthcare,Biotechnology,0.859,15.12,18.33,1.06,0.78,0.71
KLTR,0.47,1.3,237.41,-58.96,0,0.03,2.0,0/5,strongBuy,1.055-2.05,-8.46,37.0,4.0,3.75,Buy,179.06 thousand,Technology,Software - Application,1.204,1.39,1.62,1.07,0.8,-0.06
GRCE,0.47,2.09,12.36,-43.21,0,0.12,0.6,0/5,buy,1.79-5.18,-6.1,60.0,7.8211026,6.84,Buy,247.57 thousand,Healthcare,Biotechnology,0.333,2.21,2.9,1.06,0.72,0.23
CRS,0.48,392.2,242.58,-119.0,0,0.28,0.1,0/4,buy,233.78-625.99,-13.0,37.0,700.0,656.06,Sell ALL,894.00 thousand,Industrials,Metal Fabrication,1.289,421.98,499.03,1.08,0.79,0.76
TARS,0.48,74.46,48.33,-62.17,-1,0.03,-0.57,-1/4,buy,53.89-91.53,-6.52,19.0,116.0,107.75,Sell ALL,921.02 thousand,Healthcare,Biotechnology,0.446,80.16,99.98,1.08,0.74,1.09
SABS,0.5,3.1,128.4,-91.41,0,-0.0,-0.01,0/4,buy,2.1-5.15,-10.0,40.0,16.0,13.82,Sell ALL,708.80 thousand,Healthcare,Biotechnology,0.584,3.46,4.14,1.12,0.75,0.63
KMX,0.52,54.86,183.21,-108.93,0,-0.64,-4.21,0/4,hold,30.26-65.28,-11.78,16.0,96.0,79.31,Sell ALL,3.39 million,Consumer Cyclical,Auto & Truck Dealerships,1.226,59.34,71.32,1.08,0.77,0.78
MXCT,0.54,1.08,424.47,-63.61,-1,0.01,0.14,-1/4,buy,0.643-1.865,-7.41,42.0,5.0,4.55,Sell ALL,423.64 thousand,Healthcare,Medical Devices,1.491,1.21,1.43,1.12,0.76,0.24
CRK,0.57,13.06,109.68,-116.7,1,-0.06,1.67,1/4,hold,12.12-28.1,-13.17,54.0,20.0,17.98,Buy,3.47 million,Energy,Oil & Gas E&P,0.512,13.92,16.49,1.07,0.79,0.43
CXM,0.6,5.23,103.45,-45.39,-1,0.01,0.19,-1/4,hold,4.715-8.275,-4.78,37.0,12.0,10.22,Sell ALL,3.96 million,Technology,Software - Application,0.77,5.48,6.6,1.05,0.79,0.8
EAT,0.62,194.16,222.29,-88.45,0,0.02,0.01,0/4,buy,100.3-254.99,-9.44,24.0,310.0,286.3,Sell ALL,1.67 million,Consumer Cyclical,Restaurants,1.257,209.29,249.69,1.08,0.78,0.44
SPRY,0.62,4.24,234.88,-78.25,1,-0.21,-0.42,1/5,buy,3.985-13.15,-12.26,68.0,30.0,26.25,Buy,1.44 million,Healthcare,Biotechnology,1.082,4.53,5.28,1.07,0.8,-0.24
FOXA,0.63,62.93,127.19,-33.47,0,0.76,0.66,0/5,buy,48.34-76.39,-4.78,18.0,112.0,94.21,Buy,3.69 million,Communication Services,Entertainment,0.613,65.12,76.21,1.03,0.83,-0.09
TGLS,0.64,34.91,241.8,-87.2,0,0.08,0.12,0/4,buy,34.05-66.47,-9.29,47.0,58.0,56.88,Sell ALL,427.74 thousand,Basic Materials,Building Materials,1.415,37.24,44.03,1.07,0.79,0.39
CZWI,0.65,21.3,106.64,-19.98,0,-0.27,-0.65,0/5,hold,14.61-24.43,-2.72,13.0,23.0,22.62,Buy,34.42 thousand,Financial Services,Banks - Regional,0.505,21.76,25.6,1.02,0.83,-0.27
HTCO,0.66,2.18,-47.3,-108.62,0,1,1,0/4,,1.83-56.59,-13.5,96.0,0.1,0.1,Sell ALL,44.95 thousand,Industrials,Marine Shipping,1,2.32,2.91,1.06,0.75,1.65
C,0.66,128.55,150.89,-74.62,0,0.89,0.34,0/4,buy,93.66-147.96,-7.99,13.0,170.0,161.38,Sell ALL,11.91 million,Financial Services,Banks - Diversified,1.111,135.85,162.35,1.06,0.79,0.45
PRTS,0.68,8.52,124.81,-85.75,1,0.17,-3.54,1/4,buy,3.7-10.98,-9.27,22.0,15.0,12.93,- Buy time -,116.79 thousand,Consumer Cyclical,Auto Parts,0.68,9.12,11.29,1.07,0.75,-0.03
AVAH,0.69,12.37,314.74,-124.33,0,0.1,0.74,0/4,buy,5.93-14.71,-13.82,16.0,16.0,15.3,Sell ALL,4.04 million,Healthcare,Medical Care Facilities,1.949,13.91,16.1,1.12,0.77,0.88
OPBK,0.69,15.2,134.09,-10.42,-1,0.16,0.38,-1/4,buy,12.41-16.83,-1.05,10.0,18.0,17.88,Sell ALL,73.05 thousand,Financial Services,Banks - Regional,0.607,15.52,18.66,1.02,0.81,0.26
LB,0.7,83.58,-91.29,-34.48,0,-0.05,-0.18,0/4,hold,43.75-91.69,-3.91,9.0,98.0,93.29,Sell ALL,300.31 thousand,Energy,Oil & Gas E&P,0.179,87.19,104.32,1.04,0.8,0.51
PRAX,0.72,283.56,549.07,-160.46,0,1.3,0.35,0/4,buy,50.31-392.7,-17.99,28.000000000000004,1201.0,922.29,Sell ALL,528.30 thousand,Healthcare,Biotechnology,2.811,318.72,355.6,1.12,0.8,0.89
SPOT,0.72,483.05,235.48,-80.02,0,0.34,0.11,0/4,buy,405.0-700.12,-8.84,31.0,703.6309,648.97,Sell ALL,1.66 million,Communication Services,Internet Content & Information,1.614,528.26,623.61,1.09,0.77,0.39
BILL,0.72,44.58,252.1,-40.57,0,0.26,0.42,0/5,buy,31.41-57.21,-6.0,22.0,75.0,66.15,Buy,1.27 million,Technology,Software - Application,1.137,47.15,55.05,1.06,0.81,-0.18
WMT,0.73,105.07,142.83,-19.35,-1,0.07,0.09,-1/4,buy,98.88-135.16,-1.98,22.0,155.0,140.89,Sell ALL,24.61 million,Consumer Defensive,Discount Stores,0.578,107.19,130.18,1.02,0.81,0.41
SE,0.74,97.14,335.75,-64.7,0,0.01,0.02,0/5,buy,77.05-193.48,-9.37,50.0,195.0,175.06,Buy,3.10 million,Consumer Cyclical,Internet Retail,1.547,102.52,120.72,1.06,0.8,0.06
STT,0.75,176.37,239.06,-84.57,0,0.51,0.17,0/4,buy,104.64-195.93,-9.08,10.0,215.0,207.09,Sell ALL,2.28 million,Financial Services,Asset Management,1.418,185.31,222.49,1.05,0.79,0.47
DKL,0.79,55.4,81.53,-19.64,0,0,0,0/5,hold,42.35-61.5,-2.71,10.0,61.0,57.08,Buy,182.99 thousand,Energy,Oil & Gas Refining & Marketing,0.448,56.57,67.85,1.02,0.82,-0.07
GPOR,0.82,157.84,27.15,-90.27,1,-0.45,-0.06,1/4,buy,149.18-225.78,-9.76,30.0,253.0,233.92,Buy,353.14 thousand,Energy,Oil & Gas E&P,0.559,166.74,197.8,1.06,0.8,0.44
PEGA,0.82,34.58,206.95,-33.3,0,-0.31,-0.53,0/5,hold,25.1-68.1,-4.71,49.0,54.85876,48.13,Buy,1.70 million,Technology,Software - Application,0.889,35.9,42.35,1.04,0.82,-0.11
OOMA,0.88,21.0,282.22,-76.88,0,0.05,0.15,0/4,buy,9.793-26.19,-8.43,20.0,30.0,28.4,Sell ALL,642.13 thousand,Technology,Software - Application,1.229,22.52,26.61,1.07,0.79,0.38
BMA,0.88,68.78,38.62,-119.3,-1,767.85,0.31,-1/4,buy,42.06-106.15,-13.14,35.0,149.17107,130.57,Sell ALL,405.61 thousand,Financial Services,Banks - Regional,0.412,75.84,100.08,1.1,0.69,2.47
USLM,0.9,110.78,69.54,-60.55,0,-0.24,-0.19,0/4,buy,96.27-141.44,-6.35,22.0,132.0,132.0,Sell ALL,155.58 thousand,Basic Materials,Building Materials,0.654,116.36,140.72,1.05,0.79,0.67
GL,0.93,165.92,95.53,-28.49,-1,-0.12,-0.03,-1/4,strongBuy,127.85-191.55,-2.96,13.0,225.0,208.95,Sell ALL,551.60 thousand,Financial Services,Insurance - Life,0.439,172.8,215.66,1.04,0.77,0.88
MBLY,0.93,7.44,250.14,-73.58,1,0.16,2.7,1/5,hold,6.47-15.81,-10.87,53.0,27.0,19.24,Buy,3.71 million,Consumer Cyclical,Auto Parts,1.239,7.91,9.18,1.06,0.81,-0.1
RNGR,0.94,15.99,-76.99,-78.87,1,-0.07,-0.24,1/4,strongBuy,11.88-18.815,-8.51,15.0,21.0,19.83,- Buy time -,176.95 thousand,Energy,Oil & Gas Equipment & Services,0.268,16.84,20.75,1.05,0.77,0.65
BBVA,0.94,26.94,78.29,-88.39,0,0.04,0.06,0/4,strongSell,17.9-29.64,-9.69,9.0,28.58,26.55,Sell ALL,1.77 million,Financial Services,Banks - Diversified,0.902,28.68,34.64,1.06,0.78,1.16
JOBY,0.95,5.78,519.96,-92.52,0,0.07,0.35,0/4,hold,5.72-19.98,-10.55,71.0,18.0,14.34,Sell ALL,31.82 million,Industrials,Airports & Air Services,2.662,6.3,7.36,1.09,0.79,0.1
RIVN,0.95,14.6,257.06,-90.85,0,0.54,0.73,0/4,buy,12.39-22.69,-9.79,36.0,25.0,22.12,Sell ALL,31.99 million,Consumer Cyclical,Auto Manufacturers,1.622,15.8,18.74,1.08,0.78,0.73
CENT,0.96,39.7,117.32,-12.08,-1,0.2,0.18,-1/4,buy,28.77-46.97,-1.23,15.0,60.0,56.5,Sell ALL,86.06 thousand,Consumer Defensive,Packaged Foods,0.589,40.47,49.77,1.02,0.8,0.6
RDNT,0.97,71.27,296.95,-39.64,0,0.0,-0.02,0/5,buy,50.82-85.84,-5.92,17.0,105.0,99.81,Buy,703.61 thousand,Healthcare,Diagnostics & Research,1.411,74.46,87.02,1.04,0.82,-0.06
KD,0.98,11.61,287.17,-121.78,0,-0.24,-0.32,0/4,hold,10.1-30.99,-13.26,63.0,16.0,15.1,Sell ALL,6.06 million,Technology,Information Technology Services,1.729,12.89,16.25,1.11,0.71,1.18
SNEX,0.99,67.43,149.48,-41.89,-1,0.57,0.59,-1/4,buy,36.44889-94.66,-4.36,28.999999999999996,75.0,75.0,Sell ALL,923.71 thousand,Financial Services,Capital Markets,0.621,68.85,84.96,1.02,0.79,1.01
WGS,1.0,76.27,504.88,-73.62,-1,-0.06,-13.02,-1/4,buy,32.21-170.87,-11.79,55.00000000000001,103.0,98.25,Sell ALL,892.17 thousand,Healthcare,Diagnostics & Research,1.969,91.72,107.08,1.2,0.71,0.88
IPX,1.0,16.61,407.48,-86.29,-1,1,1,-1/4,buy,15.34-61.45,-12.4,73.0,55.0,48.75,Sell ALL,527.97 thousand,Basic Materials,Other Industrial Metals & Mining,1.27,19.54,23.23,1.18,0.72,1.28
BCSF,1.04,10.9,79.54,-49.92,0,0.02,0.03,0/4,hold,10.89-14.7,-5.23,26.0,13.0,12.81,Sell ALL,655.56 thousand,Financial Services,Asset Management,0.65,11.3,13.5,1.04,0.81,0.62
SFIX,1.04,2.64,535.23,-78.44,0,0.09,1.66,0/5,hold,2.1-5.745,-11.53,54.0,4.0,3.7,Buy,1.96 million,Consumer Cyclical,Apparel Retail,2.346,2.85,3.38,1.08,0.78,0.1
FVRR,1.06,8.56,338.6,-39.66,0,-0.01,-0.02,0/5,hold,8.31-24.388,-5.49,65.0,13.0,11.88,Sell,418.64 thousand,Communication Services,Internet Content & Information,1.511,8.88,10.52,1.04,0.81,-0.11
IAG,1.07,18.44,472.75,-89.09,0,0.12,0.21,0/4,buy,10.87-24.87,-9.87,26.0,34.0,29.17,== less Sell ALL==,5.90 million,Basic Materials,Gold,2.353,20.15,22.99,1.09,0.8,0.27
DCTH,1.08,15.87,128.9,-2.19,-1,0.22,2.48,-1/4,buy,8.12-17.42,-0.25,9.0,32.0,28.0,Sell ALL,517.97 thousand,Healthcare,Medical Devices,0.597,16.18,19.7,1.02,0.81,0.53
FUN,1.1,12.13,53.29,-76.57,0,-1.1,-5.0,0/4,buy,10.45-27.37,-8.16,56.00000000000001,28.0,24.35,Sell ALL,4.06 million,Consumer Cyclical,Leisure,0.446,12.92,15.54,1.07,0.78,1.18
WING,1.1,106.84,437.8,-79.5,0,0.31,0.3,0/4,buy,95.82-302.8,-9.6,65.0,265.0,230.54,Sell ALL,1.51 million,Consumer Cyclical,Restaurants,1.806,110.08,127.59,1.03,0.84,0.29
GRPN,1.1,19.69,108.34,49.99,-1,-0.26,-6.71,-1/5,buy,9.17-29.9,4.88,34.0,40.0,35.33,Buy,1.16 million,Communication Services,Internet Content & Information,0.192,20.09,23.82,1.02,0.83,-0.19
PLBY,1.11,1.03,388.24,-99.22,0,-0.04,-4.5,0/4,buy,0.982-2.75,-10.68,63.0,4.0,3.42,Sell ALL,780.27 thousand,Consumer Cyclical,Apparel Manufacturing,1.974,1.12,1.33,1.09,0.77,0.67
PROV,1.12,18.23,57.57,-21.44,0,-0.01,-0.0,0/4,hold,14.95-18.99,-2.19,4.0,19.0,18.75,Sell ALL,21.99 thousand,Financial Services,Banks - Regional,0.314,18.69,22.5,1.03,0.81,0.3
CQP,1.17,63.26,-7.77,-67.07,0,0.78,0.69,0/4,hold,49.53-71.25,-7.08,11.0,67.0,63.5,Sell ALL,137.09 thousand,Energy,Oil & Gas Midstream,0.325,66.38,83.4,1.05,0.76,1.25
LZ,1.17,5.86,276.5,-23.74,0,0.0,-0.01,0/5,hold,5.22-12.4,-3.33,53.0,9.0,8.3,Buy,1.83 million,Industrials,Specialty Business Services,1.205,6.02,7.11,1.03,0.82,-0.12
CRESY,1.18,11.88,-29.65,-17.49,0,1,1,0/4,strongBuy,8.692683-14.21,-2.19,16.0,17.0,16.43,Sell ALL,318.21 thousand,Industrials,Conglomerates,1,12.43,14.74,1.05,0.81,0.56
FHN,1.18,23.36,90.55,-45.89,0,0.05,0.11,0/4,hold,19.8-26.56,-4.75,12.0,30.0,28.73,Sell ALL,6.80 million,Financial Services,Banks - Regional,0.627,24.28,29.52,1.04,0.79,0.66
UTI,1.18,19.17,273.51,-54.4,0,0.03,1.18,0/4,buy,18.02-51.34,-5.95,63.0,48.0,43.42,mere Sell (some bought),2.92 million,Consumer Defensive,Education & Training Services,1.186,20.7,24.61,1.08,0.78,0.34
NBIX,1.21,144.21,-11.17,-78.34,1,1.13,0.6,1/4,buy,122.14-186.12,-8.33,23.0,253.0,230.15,- Buy time -,1.75 million,Healthcare,Drug Manufacturers - Specialty & Generic,0.4,151.04,186.25,1.05,0.77,0.73
MGNX,1.21,3.79,345.96,-33.77,0,0.85,3.35,0/5,hold,1.29-5.08,-5.68,25.0,11.0,9.5,Buy,333.53 thousand,Healthcare,Biotechnology,1.205,4.01,4.75,1.06,0.8,-0.02
LFVN,1.23,6.03,183.11,-22.45,0,-0.06,-0.37,0/4,buy,3.9-11.71,-2.32,49.0,9.0,8.25,Sell ALL,51.92 thousand,Consumer Defensive,Packaged Foods,0.713,6.46,7.69,1.07,0.78,0.1
MUFG,1.25,22.97,30.61,-38.58,0,0.25,1.01,0/4,buy,14.62-24.26,-4.01,5.0,26.53065,24.4,Sell ALL,4.30 million,Financial Services,Banks - Diversified,0.353,23.56,28.3,1.03,0.81,0.78
PODC,1.25,2.27,399.37,-68.96,0,-0.04,-2.33,0/4,buy,1.5-5.2,-7.93,56.00000000000001,7.0,6.33,Sell ALL,102.62 thousand,Communication Services,Internet Content & Information,2.2,2.55,2.88,1.12,0.79,0.34
SMFG,1.25,25.89,66.97,-37.78,1,0.14,0.89,1/5,buy,15.18-27.62,-5.43,6.0,31.51,31.51,Buy,1.23 million,Financial Services,Banks - Diversified,0.401,26.48,31.55,1.02,0.82,0.01
PGNY,1.27,25.86,198.02,-55.13,0,0.09,0.21,0/4,buy,16.1-33.065,-5.76,22.0,40.0,37.21,Sell ALL,1.39 million,Healthcare,Healthcare Plans,1.02,27.22,32.97,1.05,0.78,0.62
SYF,1.28,71.88,290.93,-54.6,0,0.57,0.27,0/4,buy,63.08-88.77,-5.72,19.0,104.0,96.35,Sell ALL,3.16 million,Financial Services,Credit Services,1.339,75.46,90.59,1.05,0.79,0.38
ALK,1.28,39.19,224.63,-44.69,0,-0.02,0.01,0/4,buy,33.03-60.63,-5.03,35.0,92.0,73.97,Sell ALL,3.37 million,Industrials,Airlines,1.33,41.08,49.76,1.05,0.79,0.42
CSBR,1.28,4.97,21.26,-21.92,0,0.09,3.0,0/4,,4.59-8.31,-2.62,40.0,0.1,0.1,Sell ALL,16.43 thousand,Healthcare,Biotechnology,0.438,5.2,6.37,1.05,0.78,0.59
VITL,1.29,9.25,358.57,5.45,-1,-0.09,-1.51,-1/4,hold,7.95-45.155,-5.3,80.0,18.0,15.61,Sell ALL,2.24 million,Consumer Defensive,Farm Products,1.077,10.48,12.54,1.13,0.74,0.43
FSK,1.29,10.99,205.23,-40.54,-1,0.0,-0.0,-1/4,hold,9.72-16.31,-4.22,33.0,15.0,13.53,Sell ALL,2.56 million,Financial Services,Asset Management,0.925,11.45,13.92,1.04,0.79,1.15
ETR,1.29,101.67,83.73,-26.08,1,0.04,0.05,1/5,buy,90.87-118.45,-3.6,14.000000000000002,137.0,129.64,Buy,2.78 million,Utilities,Utilities - Regulated Electric,0.448,103.27,122.74,1.02,0.83,-0.22
BKR,1.32,57.38,235.41,-27.36,0,0.24,0.49,0/4,buy,43.92-70.41,-2.93,19.0,85.0,78.1,Sell ALL,10.24 million,Energy,Oil & Gas Equipment & Services,1.035,58.39,69.52,1.02,0.83,0.14
APP,1.34,281.97,663.33,-126.91,0,0.14,0.04,0/4,buy,266.84-738.01,-14.89,62.0,790.0,642.86,Sell ALL,7.03 million,Communication Services,Advertising Agencies,2.557,322.63,382.42,1.14,0.74,0.71
ESQ,1.35,118.02,122.28,-14.83,0,-0.07,-0.05,0/4,strongBuy,92.1-134.815,-1.56,12.0,140.0,135.0,Sell ALL,267.38 thousand,Financial Services,Banks - Regional,0.396,122.19,145.68,1.04,0.81,0.26
AGX,1.35,387.74,34.87,-62.88,1,2.01,0.8,1/4,hold,255.6-805.75,-6.71,52.0,785.0,677.75,Buy,512.74 thousand,Industrials,Engineering & Construction,0.554,402.17,481.37,1.04,0.81,0.5
UNFI,1.36,44.53,238.71,3.34,-1,0.07,0.12,-1/4,hold,30.91-57.02,0.18,22.0,61.0,57.0,Sell ALL,746.02 thousand,Consumer Defensive,Food Distribution,0.973,46.15,56.21,1.04,0.79,0.45
RLX,1.36,1.72,265.91,-28.38,0,-0.4,-0.49,0/4,buy,1.645-2.6,-2.91,34.0,3.2388892,3.01,mere Sell (some bought),2.21 million,Consumer Defensive,Tobacco,1.133,1.77,2.1,1.03,0.82,0.1
PRKS,1.36,34.33,210.03,-38.25,1,-0.37,-1.15,1/5,hold,28.77-55.19,-6.32,38.0,55.0,51.15,Buy,645.05 thousand,Consumer Cyclical,Leisure,1.253,35.55,41.33,1.04,0.83,-0.19
BTDR,1.39,10.93,406.22,-54.65,0,-0.16,-0.48,0/4,buy,6.916-27.8,-9.42,61.0,35.0,28.5,Sell ALL,10.56 million,Technology,Software - Application,2.558,12.15,14.38,1.11,0.76,0.44
AIOT,1.4,2.82,318.17,-59.93,0,-0.02,-0.56,0/4,buy,2.55-5.88,-6.38,52.0,13.0,10.7,Sell ALL,1.66 million,Technology,Software - Application,1.399,2.97,3.54,1.05,0.8,0.51
TH,1.42,18.91,297.14,-2.5,-1,0.06,0.58,-1/4,buy,5.97-21.76,-1.8,13.0,27.0,26.1,Sell ALL,2.39 million,Industrials,Specialty Business Services,1.494,20.35,25.17,1.08,0.75,0.54
ALGT,1.43,75.14,399.18,-38.22,0,1.2,0.81,0/4,buy,57.11-123.63,-4.17,39.0,165.0,144.07,Sell ALL,550.96 thousand,Industrials,Airlines,1.54,79.94,94.89,1.06,0.79,-0.01
EQT,1.47,51.65,153.47,-32.17,1,0.23,0.08,1/5,buy,47.94-68.24,-4.69,24.0,81.0,74.1,Buy,6.40 million,Energy,Oil & Gas E&P,0.652,52.0,60.57,1.01,0.85,-0.09
SONY,1.48,23.54,185.8,-15.13,-1,0.07,0.15,-1/4,buy,19.32-30.34,-1.53,22.0,34.0,31.75,Sell ALL,4.42 million,Technology,Consumer Electronics,0.814,23.86,30.0,1.01,0.78,0.98
BBW,1.5,26.0,121.13,-46.41,1,0.35,0.49,1/4,buy,24.15-72.19,-5.14,64.0,50.0,47.5,Buy,632.13 thousand,Consumer Cyclical,Specialty Retail,1.011,26.51,31.28,1.02,0.83,0.17
QBTS,1.51,15.64,447.11,-60.04,0,-0.01,-0.08,0/4,buy,12.75-46.75,-7.42,67.0,43.0,38.82,Sell ALL,16.97 million,Technology,Computer Hardware,2.167,17.13,20.64,1.1,0.76,0.36
DDL,1.52,2.1,202.07,-14.38,0,1,1,0/4,,1.65-3.41,-1.9,38.0,3.4833677,3.39,Sell ALL,242.87 thousand,Consumer Defensive,Grocery Stores,0.584,2.21,2.65,1.05,0.79,0.24
RRC,1.52,38.67,98.46,-59.93,1,0.36,0.38,1/4,hold,32.68-48.31,-6.41,20.0,57.0,51.28,Buy,3.26 million,Energy,Oil & Gas E&P,0.712,40.1,47.8,1.04,0.81,0.46
HRMY,1.53,39.92,244.43,-37.77,0,0.2,0.15,0/4,buy,25.52-43.49,-4.01,8.0,70.0,58.82,Sell ALL,1.42 million,Healthcare,Biotechnology,1.009,42.02,50.16,1.05,0.8,0.49
LZB,1.54,29.52,267.21,-36.98,0,0.38,0.41,0/4,buy,28.79-44.9,-3.79,34.0,42.0,41.5,Sell ALL,942.46 thousand,Consumer Cyclical,Furnishings, Fixtures & Appliances,1.249,30.49,36.58,1.03,0.81,0.41
TZOO,1.55,5.38,232.11,-86.34,0,-0.25,-2.18,0/4,buy,4.72-12.39,-9.29,56.99999999999999,30.0,24.44,Sell ALL,80.62 thousand,Communication Services,Internet Content & Information,1.357,5.83,7.18,1.08,0.75,1.32
OSIS,1.56,197.87,265.95,-31.75,0,0.07,0.02,0/4,buy,186.5-311.72,-3.24,37.0,300.0,289.14,Sell ALL,260.87 thousand,Technology,Electronic Components,1.213,203.35,242.12,1.03,0.82,0.35
HNST,1.59,5.17,556.52,-32.33,0,0.09,6.13,0/5,buy,2.07-6.01,-4.64,14.000000000000002,5.7,5.45,Buy,1.36 million,Consumer Defensive,Household & Personal Products,2.315,5.36,6.23,1.04,0.83,-0.28
HUMA,1.6,0.5,620.31,-113.93,0,-0.03,-0.33,0/4,buy,0.4848-1.969,-13.6,75.0,4.0,2.92,Sell ALL,5.01 million,Healthcare,Biotechnology,2.439,0.58,0.68,1.16,0.74,0.88
JBL,1.62,300.94,296.78,-52.88,0,0.72,0.3,0/4,buy,189.6-428.93,-5.7,30.0,475.0,450.0,Sell ALL,1.70 million,Technology,Electronic Components,1.295,310.35,379.57,1.03,0.79,0.68
DK,1.62,74.77,158.57,-11.19,1,4.54,2.13,1/5,buy,25.85-82.27,-1.78,9.0,90.0,82.29,Buy,1.62 million,Energy,Oil & Gas Refining & Marketing,0.602,77.49,91.24,1.04,0.82,-0.34
CNC,1.64,64.3,250.65,-32.24,0,2.67,1.91,0/4,hold,31.63-69.63,-3.3,8.0,85.0,78.39,Sell ALL,5.54 million,Healthcare,Healthcare Plans,1.13,66.54,80.51,1.03,0.8,0.48
GBX,1.67,40.53,312.6,-60.47,0,-0.35,-0.43,0/4,hold,38.23-59.19,-6.32,32.0,52.0,48.67,Sell ALL,540.67 thousand,Industrials,Railroads,1.439,42.56,50.06,1.05,0.81,0.8
PLUG,1.69,1.9,522.29,-70.38,1,-0.07,-0.62,1/5,hold,1.7-4.33,-10.53,56.00000000000001,7.0,5.27,Buy,32.13 million,Industrials,Electrical Equipment & Parts,2.286,2.04,2.36,1.07,0.81,-0.11
AKA,1.7,10.7,338.65,-14.4,0,0.4,0.98,0/4,buy,8.42-16.38,-1.59,35.0,30.0,24.88,Sell ALL,1.65 thousand,Consumer Cyclical,Apparel Retail,1.377,10.83,12.88,1.01,0.83,0.04
UAL,1.7,111.57,289.02,14.55,0,0.25,0.18,0/5,buy,84.64-138.77,1.57,20.0,203.0,178.35,Sell,3.81 million,Industrials,Airlines,1.304,111.81,132.24,1.0,0.84,-0.29
PTGX,1.73,140.63,290.99,-51.06,0,1.06,1.26,0/4,buy,62.24-160.81,-5.37,13.0,225.0,199.85,Sell ALL,991.80 thousand,Healthcare,Biotechnology,1.524,146.43,180.39,1.04,0.78,0.77
MDXG,1.75,4.61,309.25,7.75,0,-0.03,-0.83,0/5,buy,3.03-7.97,0.89,42.0,8.0,7.7,Sell,840.68 thousand,Healthcare,Biotechnology,1.173,4.72,5.56,1.02,0.83,-0.19
MOD,1.76,182.91,298.07,-26.59,0,0.42,0.3,0/4,buy,111.18-323.25,-3.49,43.0,355.0,328.71,Sell ALL,1.55 million,Consumer Cyclical,Auto Parts,1.707,192.16,230.44,1.05,0.79,0.44
CREX,1.76,2.48,199.68,-126.49,0,-0.43,-1.25,0/4,buy,2.37-4.42,-14.11,44.0,10.0,9.17,Sell ALL,37.78 thousand,Technology,Software - Application,1.526,2.74,3.15,1.1,0.79,2.29
THC,1.77,259.47,282.51,-15.92,0,2.51,0.59,0/4,buy,157.58-283.05,-1.63,8.0,315.0,299.82,Sell ALL,755.03 thousand,Healthcare,Medical Care Facilities,1.199,265.86,321.32,1.02,0.81,0.27
MPLX,1.77,57.5,101.66,-28.39,1,-0.18,-0.17,1/5,hold,47.8-60.95,-4.07,6.0,73.0,67.92,Buy,1.08 million,Energy,Oil & Gas Midstream,0.478,58.57,70.08,1.02,0.82,0.27
RSSS,1.8,2.09,136.41,-22.18,0,-0.01,-0.31,0/4,buy,1.92-3.73,-2.39,44.0,4.0,3.92,Sell,69.44 thousand,Technology,Software - Application,0.771,2.16,2.66,1.03,0.79,0.8
BAM,1.84,45.0,292.19,-35.28,1,0.01,0.04,1/5,hold,42.2-59.33,-5.02,24.0,70.0,63.41,Buy,2.46 million,Financial Services,Asset Management,1.325,46.26,54.64,1.03,0.82,-0.04
ECOR,1.84,10.25,414.65,65.25,-2,0.11,0.25,-2/5,buy,4.41-12.7,6.15,19.0,26.0,22.59,Sell,79.15 thousand,Healthcare,Medical Devices,1.054,10.82,12.68,1.06,0.81,0.28
RBLX,1.86,44.58,494.25,-7.19,-1,0.12,0.36,-1/4,hold,33.88-141.95,-2.06,69.0,65.0,56.99,Sell ALL,11.23 million,Communication Services,Electronic Gaming & Multimedia,1.468,48.38,58.19,1.09,0.77,0.52
AAL,1.87,12.83,272.52,-9.86,0,0.16,2.41,0/4,hold,10.09-18.79,-1.4,32.0,25.0,20.83,Sell ALL,93.97 million,Industrials,Airlines,1.376,13.38,16.12,1.04,0.8,0.33
BBAI,1.88,2.61,669.16,-86.51,0,-0.04,-0.61,0/4,hold,2.57-9.39,-9.96,72.0,4.0,4.0,Sell ALL,21.03 million,Technology,Information Technology Services,3.262,2.89,3.49,1.11,0.75,0.54
TDOC,1.88,5.79,461.35,-57.61,0,0.12,0.38,0/4,hold,4.4-9.887,-6.39,41.0,10.5,9.09,Sell ALL,4.05 million,Healthcare,Health Information Services,2.144,6.27,7.61,1.08,0.76,0.6
MEOH,1.89,60.65,186.15,-31.75,1,-0.26,-0.32,1/4,buy,32.0-66.75,-3.41,9.0,80.0,75.15,- Buy time -,989.99 thousand,Basic Materials,Chemicals,0.976,62.37,73.12,1.03,0.83,0.15
GPRK,1.93,11.28,55.99,-15.37,1,0.09,0.75,1/4,buy,5.75-13.13,-1.77,14.000000000000002,12.0,11.43,- Buy time -,894.51 thousand,Energy,Oil & Gas E&P,0.433,11.51,13.72,1.02,0.82,0.28
CAE,1.95,23.71,264.01,-10.53,0,0.03,0.14,0/4,buy,22.76-34.24,-1.14,31.0,33.146927,31.45,Sell ALL,1.22 million,Industrials,Aerospace & Defense,1.021,24.34,29.09,1.03,0.82,0.42
FSS,1.96,114.16,322.64,1.6,0,0.43,0.44,0/5,buy,101.19-134.51,0.16,15.0,155.0,150.31,Buy,364.50 thousand,Industrials,Farm & Heavy Construction Machinery,1.232,115.68,137.62,1.01,0.83,0.08
AR,1.99,34.85,66.78,-70.1,3,-0.08,-0.1,3/5,buy,29.1-45.75,-10.26,24.0,58.0,53.81,Buy,3.00 million,Energy,Oil & Gas E&P,0.544,36.29,43.29,1.04,0.81,-0.15
SOUN,2.0,5.88,574.75,-59.25,0,0.01,-0.08,0/4,buy,5.65-22.17,-6.46,73.0,17.0,14.79,Sell ALL,22.22 million,Technology,Software - Application,2.863,6.24,7.32,1.06,0.8,0.44
DOGZ,2.03,0.88,560.87,-36.46,0,1,1,0/4,,0.81-15.69,-3.75,94.0,0.1,0.1,Sell ALL,11.01 thousand,Consumer Cyclical,Leisure,2.318,0.91,1.08,1.03,0.81,0.12
PDEX,2.03,65.4,38.97,55.14,0,0,0,0/4,buy,23.47-77.0,3.97,15.0,74.0,74.0,== less Sell ALL==,82.87 thousand,Healthcare,Medical Instruments & Supplies,0.044,69.72,82.8,1.07,0.79,0.18
CTOR,2.04,0.86,815.52,-39.07,0,-0.27,-26.14,0/5,strongBuy,0.491-2.25,-6.99,62.0,4.0,4.0,Sell,115.42 thousand,Healthcare,Drug Manufacturers - Specialty & Generic,3.4,1.0,1.14,1.16,0.75,-0.29
FWONK,2.09,95.0,163.28,-6.01,0,-0.19,2.19,0/4,buy,80.15-109.363,-0.62,13.0,134.0,126.65,Sell ALL,3.21 million,Communication Services,Entertainment,0.682,97.06,120.29,1.02,0.79,0.75
CLBT,2.1,11.2,317.12,-1.96,0,0.02,0.21,0/4,buy,9.58-19.98,-0.27,44.0,20.0,17.68,== less Sell ALL==,3.50 million,Technology,Software - Infrastructure,1.132,11.53,13.78,1.03,0.81,0.3
RDDT,2.11,150.42,510.02,-46.26,0,0.74,1.09,0/4,buy,119.27-263.5,-4.89,43.0,300.0,256.85,Sell ALL,5.21 million,Communication Services,Internet Content & Information,2.053,158.69,189.87,1.05,0.79,0.5
TNDM,2.18,16.52,430.9,-32.75,0,0.15,0.35,0/4,buy,12.26-29.65,-3.57,44.0,50.0,39.17,Sell ALL,2.99 million,Healthcare,Medical Devices,1.662,17.86,20.79,1.08,0.79,0.57
QNCX,2.2,28.1,91.38,-33.13,0,109.83,2.13,0/4,buy,15.1-910.0,-5.16,97.0,98.0,86.71,Sell ALL,29.30 thousand,Healthcare,Biotechnology,1.332,30.48,36.59,1.08,0.77,1.6
SOFI,2.2,16.06,553.01,-54.52,1,0.01,0.06,1/5,hold,14.88-32.73,-7.85,51.0,30.0,25.18,Buy,35.52 million,Financial Services,Credit Services,2.332,16.86,19.62,1.05,0.82,-0.01
RAIL,2.21,6.76,497.61,0.83,-1,-0.04,-8.01,-1/4,buy,6.35-14.9,-0.74,55.00000000000001,16.0,15.33,mere Buy (some sold),371.45 thousand,Industrials,Railroads,1.423,7.15,8.64,1.06,0.78,0.7
ANTX,2.21,5.5,-51.44,20.71,1,0.0,-0.01,1/5,buy,1.0-7.19,1.64,24.0,9.0,9.0,mere Buy (some sold),217.57 thousand,Healthcare,Biotechnology,1,5.56,6.86,1.01,0.8,0.3
CRNC,2.23,8.0,706.54,-57.74,0,0.07,0.43,0/4,hold,5.85-13.49,-6.38,41.0,12.0,11.38,Sell ALL,950.84 thousand,Technology,Software - Application,3.047,8.25,9.62,1.03,0.83,0.3
WWW,2.23,18.94,356.43,-44.87,0,0.05,0.17,0/4,buy,13.47-27.73,-4.68,32.0,31.0,27.65,Sell ALL,1.05 million,Consumer Cyclical,Footwear & Accessories,1.697,19.64,23.99,1.04,0.79,1.0
GDDY,2.26,99.74,266.2,19.71,0,0.22,0.13,0/4,hold,71.59-139.44,1.67,28.000000000000004,170.0,138.38,== less Sell ALL==,2.19 million,Technology,Software - Infrastructure,0.94,101.37,121.13,1.02,0.82,0.27
ESOA,2.27,11.0,263.57,-29.68,1,0.18,1.1,1/4,buy,7.84-19.94,-3.08,45.0,30.0,27.5,Buy,128.10 thousand,Industrials,Engineering & Construction,1.293,11.21,13.36,1.02,0.82,0.28
VVOS,2.27,0.15,1406.38,-168.09,0,0.01,0.06,0/4,buy,0.129-3.35,-19.4,95.0,3.1,2.61,Sell ALL,1.33 million,Healthcare,Medical Devices,6.068,0.17,0.17,1.13,0.88,0.34
RGTI,2.28,15.15,412.45,2.73,0,-0.0,-0.01,0/4,buy,12.53-58.15,-0.79,74.0,40.0,34.26,Sell ALL,17.50 million,Technology,Computer Hardware,2.027,15.91,19.23,1.05,0.79,0.23
SUPN,2.31,42.76,137.1,27.12,0,-0.05,-0.2,0/4,buy,40.51-59.68,2.62,28.000000000000004,67.0,64.38,Sell ALL,960.63 thousand,Healthcare,Drug Manufacturers - Specialty & Generic,0.554,42.73,52.42,1.0,0.82,0.54
UFCS,2.31,54.65,87.16,-12.64,1,0.94,1.27,1/4,strongBuy,29.85-56.74,-1.34,4.0,60.0,59.25,Buy,158.20 thousand,Financial Services,Insurance - Property & Casualty,0.47,55.38,67.68,1.01,0.81,0.52
JXN,2.37,133.85,308.6,-30.52,1,0.73,0.13,1/4,hold,89.67-140.9,-3.19,5.0,170.0,159.25,Buy,925.99 thousand,Financial Services,Insurance - Life,1.323,137.6,161.75,1.03,0.83,0.28
CDZI,2.4,3.57,357.28,-18.42,0,-0.05,-0.53,0/4,buy,2.87-6.96,-2.24,49.0,15.0,12.67,Sell ALL,1.17 million,Industrials,Pollution & Treatment Controls,1.725,3.84,4.58,1.08,0.78,0.77
SMWB,2.41,8.08,376.36,3.07,0,0.02,0.38,0/4,hold,2.22-9.5,0.12,15.0,12.0,11.42,Sell ALL,627.96 thousand,Technology,Software - Application,1.304,8.45,10.09,1.05,0.8,0.38
CXT,2.43,49.16,171.37,-48.53,2,0.09,0.12,2/4,buy,35.71-69.0,-5.76,28.999999999999996,85.0,76.86,- Buy time -,675.62 thousand,Industrials,Business Equipment & Supplies,1.081,49.11,58.87,1.0,0.84,0.27
REAL,2.44,9.32,599.41,-51.84,0,0.01,0.76,0/4,buy,8.05-17.392,-5.47,46.0,20.0,19.0,Sell ALL,3.17 million,Consumer Cyclical,Luxury Goods,2.814,9.77,11.75,1.05,0.79,0.68
LUNR,2.46,14.29,365.65,8.96,0,-0.08,-1.15,0/4,buy,7.78-46.75,-0.42,69.0,43.0,36.25,Sell ALL,9.77 million,Industrials,Aerospace & Defense,1.864,14.85,17.81,1.04,0.8,0.45
GCMG,2.47,13.18,197.17,27.37,0,0.0,0.02,0/4,buy,9.3-14.866,2.58,11.0,17.0,16.25,Sell ALL,489.90 thousand,Financial Services,Asset Management,0.888,13.15,15.9,1.0,0.83,0.54
CVNA,2.49,63.72,732.49,-78.65,0,0.08,0.22,0/4,buy,54.464-97.378,-8.54,35.0,120.0,101.35,Sell ALL,9.54 million,Consumer Cyclical,Auto & Truck Dealerships,3.548,68.19,79.23,1.07,0.8,0.82
DSP,2.49,11.94,259.66,-37.35,2,0.0,0.02,2/5,buy,8.11-14.8,-5.36,19.0,24.0,21.75,mere Buy (some sold),308.06 thousand,Technology,Software - Application,1.108,12.74,15.15,1.07,0.79,-0.02
VLRS,2.5,6.53,251.82,5.92,1,0.31,0.29,1/5,buy,5.79-10.8,0.15,40.0,12.0,10.73,Buy,287.89 thousand,Industrials,Airlines,1.079,6.63,7.93,1.02,0.82,0.02
FWONA,2.54,87.49,175.67,5.36,0,0.07,0.34,0/4,buy,73.7-99.52,0.53,12.0,124.0,117.5,Sell ALL,223.82 thousand,Communication Services,Entertainment,0.682,88.51,111.61,1.01,0.78,0.99
NPCE,2.54,13.22,479.57,-55.3,0,0.01,0.06,0/4,buy,9.22-19.6,-6.2,33.0,22.0,21.0,Sell ALL,160.47 thousand,Healthcare,Medical Devices,1.867,14.29,17.51,1.08,0.75,1.18
NATL,2.58,45.5,108.75,-24.17,0,0.3,0.27,0/4,hold,33.31-48.5,-2.46,6.0,50.4,50.3,Sell ALL,1.19 million,Technology,Software - Application,0.574,46.34,56.57,1.02,0.8,1.67
QTWO,2.63,58.21,269.73,-44.38,1,-0.03,-0.04,1/4,buy,40.79-76.24,-4.6,24.0,82.0,79.25,Buy,719.57 thousand,Technology,Software - Application,1.343,60.0,72.94,1.03,0.8,0.86
SNOW,2.63,338.99,356.26,30.28,0,0.24,0.61,0/4,buy,118.3-384.56,2.95,12.0,525.0,475.07,Sell ALL,4.70 million,Technology,Software - Application,1.351,338.86,411.73,1.0,0.82,0.23
HOOD,2.65,114.11,371.3,33.88,0,0.18,0.42,0/4,buy,63.515-153.56,1.35,26.0,170.0,151.68,Sell ALL,29.86 million,Financial Services,Capital Markets,2.354,117.34,139.09,1.03,0.82,0.29
TASK,2.66,8.08,512.21,-3.42,0,0.06,0.21,0/4,hold,4.465-17.32,-0.74,53.0,12.0,10.25,Sell,637.16 thousand,Technology,Information Technology Services,2.012,8.42,10.05,1.04,0.8,0.39
ACIW,2.66,51.22,217.13,-15.5,1,0.12,0.25,1/4,buy,38.05-61.08,-1.7,16.0,70.0,68.67,- Buy time -,918.84 thousand,Technology,Software - Infrastructure,0.986,51.66,63.75,1.01,0.8,0.58
GOOGL,2.7,346.47,341.48,24.25,0,8.65,3.06,0/4,buy,235.84-408.61,2.3,15.0,515.0,472.18,Sell ALL,33.08 million,Communication Services,Internet Content & Information,1.211,350.55,428.22,1.01,0.81,0.43
JVA,2.75,4.0,420.97,39.9,0,0.05,1.84,0/4,,2.93-5.03,3.5,20.0,0.1,0.1,Sell ALL,113.88 thousand,Consumer Defensive,Packaged Foods,1.423,4.12,5.32,1.03,0.75,0.06
WW,2.77,14.87,383.96,13.44,0,-2.36,-0.73,0/4,hold,8.365-38.38,0.61,61.0,35.0,31.25,Sell ALL,303.68 thousand,Healthcare,Medical Care Facilities,1,16.15,19.66,1.09,0.76,0.6
KEQU,2.77,33.82,115.7,-17.34,-1,-0.68,-1.28,-1/4,,32.0-46.57,-1.86,27.0,0.1,0.1,Sell ALL,4.54 thousand,Consumer Cyclical,Furnishings, Fixtures & Appliances,0.757,35.49,42.97,1.05,0.79,2.5
SPIR,2.79,10.89,721.39,-42.43,0,-0.01,-0.11,0/4,buy,6.6-25.93,-4.87,57.99999999999999,24.0,22.44,Sell ALL,732.07 thousand,Industrials,Specialty Business Services,2.812,11.72,14.3,1.08,0.76,0.59
TPR,2.82,116.95,343.32,-11.62,1,0.4,0.31,1/4,buy,93.0-164.8,-1.32,28.999999999999996,232.0,199.25,- Buy time -,3.66 million,Consumer Cyclical,Luxury Goods,1.429,118.73,143.37,1.02,0.82,0.35
DLNG,2.83,3.76,127.06,-4.78,1,0.06,0.21,1/4,,3.27-4.45,-0.53,16.0,0.1,0.1,- Buy time -,87.70 thousand,Energy,Oil & Gas Midstream,0.54,3.83,4.77,1.02,0.79,0.81
ASTS,2.84,58.44,646.93,-21.4,0,-0.9,-3.66,0/4,hold,49.31-133.86,-2.43,56.00000000000001,108.0,92.97,Sell ALL,11.72 million,Technology,Communication Equipment,2.706,61.04,73.48,1.04,0.8,0.49
GDYN,2.86,7.84,256.04,-16.71,1,0.01,0.12,1/4,buy,5.11-10.21,-1.79,23.0,12.0,10.6,- Buy time -,1.18 million,Technology,Information Technology Services,0.964,8.2,10.09,1.05,0.78,0.69
ADTN,2.86,7.28,368.01,-24.35,2,0.06,0.64,2/5,buy,6.73-19.98,-3.57,64.0,21.0,17.83,Buy,1.24 million,Technology,Communication Equipment,1.487,7.34,8.57,1.01,0.85,-0.17
WNW,2.88,2.37,199.67,23.2,-2,1,1,-2/5,,2.25-1352.0,2.53,100.0,0.1,0.1,Sell,172.75 thousand,Consumer Cyclical,Internet Retail,0.849,2.48,3.97,1.05,0.6,2.5
XLO,2.99,9.1,15.08,14.39,2,0,0,2/5,buy,6.468-12.586,1.87,28.000000000000004,20.0,20.0,Buy,7.40 thousand,Healthcare,Biotechnology,1,9.18,10.97,1.01,0.83,0.18
HUT,3.01,89.27,1211.86,-74.45,0,0.54,1.44,0/4,buy,31.67-140.8,-10.45,37.0,273.0,215.05,Sell ALL,5.87 million,Financial Services,Capital Markets,5.916,98.33,108.01,1.1,0.83,0.18
ELTX,3.03,1.92,509.96,-52.25,2,-0.08,-0.2,2/4,buy,1.705-16.0,-6.77,88.0,23.0,18.33,Buy time,517.19 thousand,Healthcare,Biotechnology,1.977,2.02,2.33,1.05,0.82,0.08
TMDX,3.03,82.99,472.25,13.12,0,-0.35,-0.58,0/4,buy,60.105-156.0,0.98,47.0,125.0,111.4,Sell ALL,1.04 million,Healthcare,Medical Devices,1.926,87.01,104.12,1.05,0.8,0.61
GKOS,3.05,164.01,138.15,-19.12,2,0.17,0.69,2/4,buy,73.16-191.62,-1.98,14.000000000000002,225.0,211.85,- Buy time -,916.90 thousand,Healthcare,Medical Devices,0.695,171.1,207.32,1.04,0.79,0.47
SYM,3.05,42.87,552.4,18.18,0,0.62,5.15,0/4,buy,37.68-87.88,1.73,51.0,85.0,73.93,Sell ALL,2.17 million,Industrials,Specialty Industrial Machinery,1.973,43.72,53.06,1.02,0.81,0.32
FULC,3.06,3.71,648.86,-23.68,0,0.05,0.19,0/4,hold,2.83-15.74,-2.43,76.0,4.0,3.83,Sell ALL,1.24 million,Healthcare,Biotechnology,2.627,3.8,4.6,1.02,0.81,0.72
ANF,3.1,141.4,185.38,-25.22,2,2.4,1.28,2/4,buy,65.45-155.22,-2.71,9.0,185.0,174.27,Buy,1.57 million,Consumer Cyclical,Apparel Retail,1.01,143.06,171.77,1.01,0.82,0.5
WAVE,3.12,5.82,-59.41,50.13,-1,0.08,0.54,-1/4,strongBuy,4.52-10.87,4.49,46.0,15.0,14.88,== less Sell ALL==,22.08 thousand,Utilities,Utilities - Renewable,1,6.02,7.93,1.03,0.73,2.3
APEI,3.18,44.41,319.87,-11.29,1,0.61,0.95,1/4,buy,30.2-61.59,-1.19,28.000000000000004,70.0,66.42,- Buy time -,332.86 thousand,Consumer Defensive,Education & Training Services,1.413,45.22,54.47,1.02,0.82,0.76
OSCR,3.21,32.42,577.88,-9.48,1,1.69,2.77,1/4,hold,10.69-34.48,-1.08,6.0,49.0,42.2,Buy,7.61 million,Healthcare,Healthcare Plans,2.469,33.17,38.77,1.02,0.84,0.08
ETON,3.24,55.62,186.63,-25.64,1,0.24,1.26,1/4,buy,14.27-66.37,-2.62,16.0,76.0,73.5,Buy,678.43 thousand,Healthcare,Drug Manufacturers - Specialty & Generic,0.9,57.61,73.76,1.04,0.75,1.39
LPX,3.24,65.29,390.52,-29.74,1,0.06,1.17,1/4,buy,62.18-100.34,-3.06,35.0,107.0,99.54,Buy,1.61 million,Industrials,Building Products & Equipment,1.619,67.0,82.3,1.03,0.79,0.92
ATLC,3.28,92.86,457.48,-16.52,1,0.58,0.35,1/4,buy,47.5-114.34,-1.72,19.0,179.0,154.8,- Buy time -,102.32 thousand,Financial Services,Credit Services,1.99,94.67,113.31,1.02,0.82,0.58
VERX,3.3,12.28,257.42,2.91,1,0.01,0.08,1/4,hold,10.21-26.54,0.16,54.0,25.0,21.08,- Buy time -,1.95 million,Technology,Software - Application,0.831,12.48,15.61,1.02,0.79,0.83
KVYO,3.33,16.7,143.91,22.42,2,0.02,0.11,2/4,buy,12.53-33.355,2.04,50.0,36.0,31.29,- Buy time -,6.52 million,Technology,Software - Application,0.671,16.47,19.78,0.99,0.84,0.1
RVPH,3.34,0.51,180.0,-43.53,3,0.05,-0.05,3/4,buy,0.262-17.2,-4.88,97.0,30.0,23.75,Buy time,28.42 thousand,Healthcare,Biotechnology,0.48,0.53,0.63,1.04,0.81,0.3
TAC,3.35,12.82,154.97,45.86,2,0.09,7.12,2/5,buy,11.38-17.88,5.77,28.000000000000004,16.154182,14.57,Buy,1.68 million,Utilities,Utilities - Independent Power Producers,0.483,12.41,14.83,0.97,0.86,-0.37
FSTR,3.37,36.95,264.85,-17.09,0,0.24,1.37,0/4,hold,23.81-45.81,-1.73,19.0,46.0,45.0,Sell ALL,72.53 thousand,Industrials,Railroads,1.136,37.64,50.1,1.02,0.74,1.94
ATEC,3.39,10.72,172.07,15.09,2,0.0,1.01,2/4,buy,6.82-23.29,1.31,54.0,24.0,19.89,Buy,3.81 million,Healthcare,Medical Devices,0.779,10.61,12.7,0.99,0.84,0.2
PSIX,3.42,44.87,434.29,74.55,0,0.35,1.58,0/4,buy,25.28-106.5,6.15,57.99999999999999,76.0,72.9,== less Sell ALL==,400.56 thousand,Industrials,Specialty Industrial Machinery,2.009,44.16,53.91,0.98,0.83,0.21
CLOV,3.43,4.68,602.59,-27.49,1,0.03,0.55,1/4,hold,1.58-5.59,-2.99,16.0,6.0,5.69,- Buy time -,4.90 million,Healthcare,Healthcare Plans,2.463,4.72,5.63,1.01,0.83,0.52
BRLT,3.44,1.4,355.0,-13.68,1,0.02,8.25,1/4,hold,1.0-2.9,-1.43,52.0,2.0,1.79,Sell ALL,69.60 thousand,Consumer Cyclical,Luxury Goods,1.42,1.45,1.78,1.04,0.79,0.96
HWM,3.46,229.57,296.26,-0.09,2,0.19,0.17,2/4,buy,183.83-310.0,-0.02,26.0,375.0,353.25,- Buy time -,3.67 million,Industrials,Aerospace & Defense,1.204,231.46,278.27,1.01,0.82,0.16
RDW,3.46,10.43,831.52,-9.78,0,0.09,0.59,0/4,buy,4.87-26.64,-1.82,61.0,20.0,17.34,Sell ALL,16.52 million,Industrials,Aerospace & Defense,3.134,11.19,13.54,1.07,0.77,0.48
ASAN,3.48,9.14,262.05,47.01,0,0.03,0.48,0/4,hold,5.38-15.48,4.05,41.0,15.0,12.54,mere Sell (some bought),11.20 million,Technology,Software - Application,1.185,9.41,11.3,1.03,0.81,1.11
ARQT,3.48,25.15,374.34,56.32,0,0.03,0.65,0/4,buy,19.295-31.77,5.03,21.0,40.0,38.5,Sell ALL,3.26 million,Healthcare,Biotechnology,1.58,25.77,31.56,1.02,0.8,0.66
FSLY,3.53,26.01,126.97,129.81,0,0.12,1.77,0/4,hold,7.735-34.82,10.96,25.0,37.0,32.45,Sell,6.49 million,Technology,Software - Application,0.311,25.74,30.77,0.99,0.85,0.33
AS,3.57,27.47,509.44,-20.96,2,0.18,1.34,2/4,buy,26.1-42.76,-2.18,36.0,67.0,57.22,- +Buy time -,8.27 million,Consumer Cyclical,Leisure,2.029,27.84,33.05,1.01,0.83,0.04
ACVA,3.6,10.5,445.98,8.63,2,0.02,0.52,2/4,hold,4.065-10.5,0.86,0.0,13.0,11.55,Buy time,38.06 million,Consumer Cyclical,Auto & Truck Dealerships,1.761,10.47,14.57,1.0,0.72,-0.23
CHGG,3.61,0.72,541.0,-13.14,1,0.08,3.04,1/4,hold,0.45-1.56,-1.33,54.0,4.0,3.4,- Buy time -,786.41 thousand,Consumer Defensive,Education & Training Services,2.164,0.74,0.91,1.03,0.79,0.63
ALRM,3.61,56.24,195.75,18.33,2,0.17,0.27,2/4,buy,41.49-58.145,1.56,3.0,85.0,74.0,- Buy time -,668.58 thousand,Technology,Software - Application,0.757,55.67,67.64,0.99,0.83,0.31
DAKT,3.64,17.8,436.58,-4.82,2,0.17,0.91,2/4,buy,16.77-28.27,-0.51,37.0,34.0,33.0,Buy time,614.89 thousand,Technology,Electronic Components,1.678,18.24,21.3,1.02,0.84,0.05
IESC,3.68,339.62,411.01,-14.36,2,2.12,0.94,2/4,buy,170.065-408.255,-1.79,17.0,440.0,440.0,- Buy time -,294.46 thousand,Industrials,Engineering & Construction,1.767,336.09,408.19,0.99,0.83,0.33
TAYD,3.68,59.78,248.27,-2.19,2,-0.76,-0.82,2/5,buy,40.5-90.37,-0.33,34.0,70.0,70.0,mere Buy (some sold),34.95 thousand,Industrials,Specialty Industrial Machinery,0.941,60.87,74.46,1.02,0.8,0.55
LOVE,3.72,14.84,607.87,55.44,1,-0.16,-3.35,1/5,buy,10.33-19.245,6.27,23.0,35.0,29.08,mere Buy (some sold),307.07 thousand,Consumer Cyclical,Furnishings, Fixtures & Appliances,2.173,14.6,17.81,0.98,0.83,-0.55
MGNI,3.74,24.96,581.51,50.93,0,0.02,0.22,0/4,buy,10.82-26.84,4.77,7.000000000000001,43.0,36.33,Sell ALL,1.83 million,Communication Services,Advertising Agencies,2.321,24.89,31.08,1.0,0.8,0.44
TS,3.74,58.46,103.42,19.63,2,0.33,0.38,2/4,buy,33.65-64.6,1.83,10.0,80.0,72.4,Buy,1.52 million,Energy,Oil & Gas Equipment & Services,0.484,57.61,71.71,0.99,0.82,0.66
GCO,3.82,35.66,474.81,18.29,2,0.94,0.55,2/4,hold,21.93-43.6,1.51,18.0,45.0,42.33,- +Buy time -,164.09 thousand,Consumer Cyclical,Apparel Retail,1.813,34.91,42.34,0.98,0.84,-0.21
NXT,3.82,83.86,501.55,13.51,2,0.15,0.15,2/5,buy,76.19-163.13,1.16,49.0,175.0,156.98,Buy,1.68 million,Technology,Solar,1.94,83.17,97.59,0.99,0.86,-0.21
GEO,3.86,32.34,187.28,29.64,2,0.17,0.77,2/4,buy,12.51-33.17,2.63,3.0,40.0,38.88,- Buy time -,3.80 million,Industrials,Security & Protection Services,0.772,32.3,39.59,1.0,0.82,0.41
WK,3.86,71.88,135.54,0.44,0,0.26,0.39,0/4,buy,43.34-97.095,0.03,26.0,105.0,97.4,Sell ALL,3.17 million,Technology,Software - Application,0.524,74.17,103.82,1.03,0.69,2.5
BYRN,3.9,3.63,496.59,4.9,1,0.1,1.02,1/4,hold,3.17-30.62,0.28,88.0,12.0,9.42,- Buy time -,528.51 thousand,Industrials,Aerospace & Defense,1.688,3.77,4.52,1.04,0.8,0.77
QUBT,3.9,7.94,940.25,7.41,0,0.03,0.51,0/4,buy,6.18-23.875,-0.63,67.0,32.0,25.33,Sell ALL,7.75 million,Technology,Computer Hardware,3.746,8.47,10.54,1.07,0.75,0.4
HTCR,3.91,1.9,408.67,-42.01,0,0,0,0/4,,1.726-18.98,-4.46,90.0,0.1,0.1,Sell ALL,106.41 thousand,Technology,Software - Application,1.695,2.06,3.78,1.08,0.5,2.5
DHX,3.94,4.81,359.99,65.18,1,0.09,2.84,1/4,buy,1.44-5.19,5.82,7.000000000000001,10.0,8.38,Buy,372.16 thousand,Technology,Software - Application,1.237,4.94,5.94,1.03,0.81,0.27
GO,4.02,11.42,217.01,15.52,1,0.11,1.81,1/4,hold,5.655-16.37,1.49,30.0,15.0,12.96,- Buy time -,3.09 million,Consumer Defensive,Grocery Stores,0.665,11.69,14.83,1.02,0.77,1.45
ONDS,4.05,7.49,761.78,28.2,1,-0.07,-1.72,1/5,buy,4.95-15.28,3.47,51.0,25.0,21.94,Buy,40.44 million,Technology,Communication Equipment,2.922,7.44,8.93,0.99,0.84,-0.2
BLX,4.08,55.02,213.99,-4.19,3,1,1,3/4,buy,38.41-63.2,-0.49,13.0,73.0,69.45,Buy time,272.02 thousand,Financial Services,Banks - Regional,0.799,55.36,66.86,1.01,0.82,0.31
TPC,4.08,86.43,520.94,-30.05,2,0.55,0.45,2/4,buy,57.9-102.3,-3.12,16.0,125.0,120.62,Buy time,529.23 thousand,Industrials,Engineering & Construction,2.06,87.93,106.76,1.02,0.81,0.66
BKSY,4.1,21.37,807.46,43.14,0,0.12,0.36,0/4,buy,12.41-52.88,3.56,60.0,50.0,44.21,Sell ALL,1.17 million,Industrials,Specialty Business Services,2.7,22.07,27.22,1.03,0.79,0.36
INTA,4.1,37.69,78.22,9.47,4,0.06,0.16,4/5,hold,19.01-47.93,1.22,21.0,47.0,43.64,Buy,401.82 thousand,Technology,Software - Application,0.334,37.73,44.71,1.0,0.84,-0.31
ULCC,4.11,6.11,656.35,87.5,0,0.43,0.96,0/4,hold,3.02-8.405,8.02,27.0,9.0,7.78,Sell ALL,2.99 million,Industrials,Airlines,2.645,6.01,7.41,0.98,0.82,0.08
IRMD,4.11,86.47,241.39,51.55,2,0.06,0.15,2/4,buy,71.34-107.9,4.91,20.0,120.0,119.0,- Buy time -,193.34 thousand,Healthcare,Medical Devices,0.913,84.5,101.99,0.98,0.85,0.18
ANGO,4.13,15.54,99.35,17.64,2,0.15,1.4,2/4,buy,9.39-16.29,1.74,5.0,24.0,22.0,- Buy time -,612.14 thousand,Healthcare,Medical Instruments & Supplies,0.304,15.63,19.49,1.01,0.8,1.08
CAVA,4.13,54.1,572.9,-24.12,2,0.03,0.17,2/4,buy,43.41-98.79,-3.29,45.0,110.0,96.0,Buy time,5.02 million,Consumer Cyclical,Restaurants,1.807,53.85,64.04,1.0,0.84,0.54
PARR,4.14,87.52,197.36,36.11,2,1.74,0.03,2/4,buy,33.21-88.34,3.28,1.0,104.0,94.93,- Buy time -,1.10 million,Energy,Oil & Gas Refining & Marketing,0.754,86.82,104.03,0.99,0.84,0.57
FTK,4.16,29.67,442.82,87.12,0,0.16,1.37,0/4,buy,13.19-39.67,7.89,25.0,44.0,41.46,Sell ALL,695.21 thousand,Energy,Oil & Gas Equipment & Services,1.42,29.86,37.23,1.01,0.8,0.7
GMED,4.17,76.57,283.02,32.22,2,0.44,0.44,2/4,buy,56.5-101.4,3.11,24.0,125.0,112.96,- Buy time -,1.78 million,Healthcare,Medical Devices,0.959,75.56,92.83,0.99,0.82,0.42
FLXS,4.32,88.05,137.78,84.84,2,0.57,0.68,2/4,buy,34.0-90.65,7.82,3.0,80.0,79.75,Buy time,131.78 thousand,Consumer Cyclical,Furnishings, Fixtures & Appliances,0.529,84.43,100.66,0.96,0.87,0.17
WEAV,4.33,7.36,424.6,6.83,2,0.01,0.48,2/4,hold,4.24-7.7,0.68,4.0,7.4,7.4,Buy time,1.91 million,Healthcare,Health Information Services,1.682,7.35,8.85,1.0,0.83,0.59
CDRO,4.35,9.45,154.36,15.52,1,1,1,1/4,buy,5.18-10.26,1.38,8.0,16.0,14.33,Buy,25.30 thousand,Consumer Cyclical,Gambling,0.437,9.69,13.34,1.03,0.71,1.96
WLKP,4.38,21.42,125.16,-4.58,3,-0.01,-0.03,3/4,buy,17.75-23.88,-0.47,10.0,26.0,26.0,Buy time,32.16 thousand,Basic Materials,Chemicals,0.495,21.57,26.23,1.01,0.82,0.85
ANET,4.39,206.9,422.86,36.82,2,0.19,0.23,2/4,buy,114.52-214.89,3.53,4.0,289.0,265.6,Buy time,5.43 million,Technology,Computer Hardware,1.605,203.84,248.34,0.99,0.83,0.2
MVST,4.43,0.62,888.55,33.28,1,-0.05,0.0,1/5,buy,0.561-7.12,3.56,91.0,5.0,4.75,mere Buy (some sold),3.36 million,Consumer Cyclical,Auto Parts,3.601,0.65,0.77,1.05,0.81,-0.2
RZLT,4.44,4.33,82.74,32.96,2,-0.06,-0.4,2/4,buy,1.07-11.457,2.54,62.0,14.0,11.55,- Buy time -,2.39 million,Healthcare,Biotechnology,0.542,4.26,5.26,0.98,0.82,1.25
HIMS,4.44,29.97,669.02,65.39,1,-0.75,-23.04,1/5,hold,13.74-65.299,8.21,54.0,42.0,36.58,Buy,6.20 million,Healthcare,Drug Manufacturers - Specialty & Generic,2.432,29.13,35.03,0.97,0.86,-0.21
TECH,4.46,72.58,329.56,6.37,3,-0.0,-0.01,3/4,hold,43.2-72.69,0.63,0.0,73.0,71.75,Buy time,3.96 million,Healthcare,Biotechnology,1.295,72.48,86.64,1.0,0.84,0.22
ATRA,4.5,9.4,61.15,7.75,1,-0.07,-0.28,1/4,buy,3.92-19.145,0.21,51.0,18.0,15.83,Buy time,73.15 thousand,Healthcare,Biotechnology,0.219,9.98,11.79,1.06,0.8,2.5
LQDT,4.58,43.22,287.32,17.23,2,0.16,0.47,2/4,strongBuy,21.67-45.0,1.69,4.0,52.0,51.5,- Buy time -,272.75 thousand,Consumer Cyclical,Internet Retail,1.04,43.69,55.14,1.01,0.78,1.04
AIP,4.58,24.2,478.87,59.51,2,-0.06,-1.4,2/5,buy,12.06-50.26,6.26,52.0,50.0,44.71,Buy,490.56 thousand,Technology,Semiconductors,1.904,23.55,28.02,0.97,0.86,-0.14
SIBN,4.59,19.81,192.12,77.56,2,0.15,0.88,2/4,buy,11.48-21.89,7.22,10.0,32.0,28.61,- Buy time -,764.61 thousand,Healthcare,Medical Devices,0.664,19.09,23.09,0.96,0.86,0.41
ELMD,4.61,28.32,197.26,41.03,3,0.07,0.23,3/4,buy,23.01-47.4,3.78,40.0,50.0,49.25,Buy time,111.48 thousand,Healthcare,Medical Devices,0.399,27.73,33.45,0.98,0.85,0.2
VFC,4.66,14.3,421.51,66.23,2,-0.04,0.79,2/5,hold,12.46-22.27,7.9,36.0,40.0,29.16,mere Buy (some sold),7.09 million,Consumer Cyclical,Apparel Manufacturing,1.581,13.66,16.41,0.96,0.87,-0.08
XPO,4.71,185.69,473.27,15.77,3,0.36,0.3,3/5,buy,121.48-232.05,1.89,20.0,275.0,251.93,Buy,832.93 thousand,Industrials,Trucking,1.71,181.18,213.5,0.98,0.87,-0.08
PHR,4.75,10.54,226.63,17.23,4,-0.07,-0.21,4/5,buy,7.77-24.245,2.18,56.99999999999999,20.0,17.03,Buy,497.37 thousand,Healthcare,Health Information Services,0.843,10.38,12.32,0.98,0.86,-0.18
NEO,4.76,19.13,520.45,103.92,0,0.03,8.5,0/4,buy,7.07-20.05,9.46,5.0,35.0,27.36,Sell ALL,2.16 million,Healthcare,Diagnostics & Research,1.784,19.12,23.94,1.0,0.8,0.85
BKTI,4.78,75.94,190.23,45.18,3,0.25,0.3,3/4,buy,60.0-104.55,4.31,27.0,97.0,97.0,Buy time,48.88 thousand,Technology,Communication Equipment,0.565,74.74,89.77,0.98,0.85,0.32
AFRM,4.78,75.83,946.08,46.88,1,4.01,4.71,1/5,buy,42.095-90.44,5.79,16.0,124.0,111.55,Buy,3.34 million,Financial Services,Credit Services,3.817,72.98,88.29,0.96,0.86,-0.27
LOMA,4.8,9.77,168.0,2.29,3,-0.12,-0.81,3/4,buy,7.43-13.2,0.2,26.0,15.0,14.65,Buy time,610.54 thousand,Basic Materials,Building Materials,0.647,9.84,12.41,1.01,0.79,1.05
VST,4.83,144.89,359.26,-20.23,3,0.1,-0.01,3/4,buy,132.66-217.1,-2.24,33.0,305.0,257.62,Buy time,6.76 million,Utilities,Utilities - Independent Power Producers,1.384,145.41,182.28,1.0,0.79,0.94
GHM,4.88,90.48,290.01,30.8,3,0.15,0.43,3/4,buy,52.57-125.82,2.85,28.000000000000004,135.0,131.8,Buy time,176.71 thousand,Industrials,Specialty Industrial Machinery,1.077,88.99,108.33,0.98,0.84,0.38
LINK,4.94,5.99,266.12,35.95,4,0,0,4/5,,2.66-8.422667,2.53,28.999999999999996,0.1,0.1,Buy,26.55 thousand,Technology,Electronic Components,1.056,5.75,6.91,0.96,0.87,-0.28
JILL,5.02,24.62,209.55,26.26,3,0.7,1.25,3/4,hold,10.405-25.135,2.55,2.0,25.0,24.75,Buy time,447.35 thousand,Consumer Cyclical,Apparel Retail,0.789,24.32,29.72,0.99,0.83,0.79
PTON,5.03,5.01,672.86,12.63,2,-0.01,-0.13,2/4,hold,3.65-8.28,1.2,39.0,20.0,13.95,Buy time,9.30 million,Consumer Cyclical,Leisure,2.546,5.0,6.1,1.0,0.82,0.55
PL,5.07,17.36,593.47,56.39,2,0.05,2.22,2/4,buy,10.52-51.76,5.24,66.0,50.0,41.7,Buy time,11.03 million,Industrials,Aerospace & Defense,2.17,17.02,20.64,0.98,0.84,0.14
BE,5.07,286.65,975.89,40.27,1,0.68,3.34,1/4,hold,75.7-351.28,3.8,18.0,390.0,336.41,Buy time,15.17 million,Industrials,Electrical Equipment & Parts,3.776,281.6,347.42,0.98,0.83,0.13
PVH,5.1,74.9,500.31,59.15,2,0.81,0.31,2/4,hold,59.6-100.75,5.69,26.0,128.0,109.42,Buy time,1.08 million,Consumer Cyclical,Apparel Manufacturing,1.756,74.01,91.73,0.99,0.82,0.37
VCEL,5.11,41.07,371.55,70.79,2,0.11,2.73,2/4,buy,28.95-49.32,6.65,17.0,72.0,66.29,- Buy time -,635.51 thousand,Healthcare,Biotechnology,1.025,40.32,49.6,0.98,0.83,0.55
TENX,5.13,1.96,328.15,54.01,3,0.06,0.15,3/4,buy,1.31-19.4,5.1,90.0,36.0,24.28,Buy time,2.73 million,Healthcare,Biotechnology,0.917,1.96,2.35,1.0,0.83,0.18
INN,5.21,5.99,369.42,70.92,2,0.07,5.17,2/4,hold,3.98-7.17,6.68,16.0,8.0,7.34,- Buy time -,1.18 million,Real Estate,REIT - Hotel & Motel,1.263,5.86,7.3,0.98,0.82,0.65
AI,5.22,11.09,592.94,51.48,2,0.1,0.35,2/4,hold,7.675-20.055,4.96,45.0,12.0,10.15,Buy time,5.84 million,Technology,Software - Infrastructure,2.095,10.96,13.49,0.99,0.82,0.36
SLAB,5.24,222.8,348.84,11.2,3,0.05,0.08,3/4,hold,115.51-223.5,1.11,0.0,231.0,226.93,Buy time,364.63 thousand,Technology,Semiconductors,1.332,221.29,269.15,0.99,0.83,0.87
URBN,5.28,81.22,328.12,27.22,4,1.26,0.8,4/5,hold,59.54-85.43,3.26,5.0,111.0,100.21,Buy,825.78 thousand,Consumer Cyclical,Apparel Retail,1.24,79.05,93.89,0.97,0.87,-0.08
VSTM,5.29,8.0,100.5,92.78,3,0.18,0.38,3/4,buy,3.43-10.82,8.5,26.0,18.0,16.33,Buy time,2.54 million,Healthcare,Biotechnology,0.387,7.86,9.45,0.98,0.85,0.37
CAKE,5.29,109.03,335.01,66.06,3,0.3,0.25,3/4,hold,43.07-118.46,5.81,8.0,117.0,106.46,Buy time,1.36 million,Consumer Cyclical,Restaurants,1.037,103.13,124.53,0.95,0.88,0.17
NTGR,5.29,23.17,338.0,31.82,4,0.14,1.8,4/5,buy,19.0-36.86,4.06,37.0,35.0,34.0,Buy,301.54 thousand,Technology,Communication Equipment,1.149,22.72,27.24,0.98,0.85,-0.19
APG,5.31,40.66,451.13,75.41,2,0.03,0.07,2/4,buy,33.52-49.99,6.89,19.0,55.0,53.68,Buy time,4.36 million,Industrials,Engineering & Construction,1.576,38.78,48.44,0.95,0.84,0.48
KN,5.32,39.4,476.4,70.79,2,0.06,0.22,2/4,buy,20.57-42.93,6.29,8.0,48.0,45.88,Buy time,861.51 thousand,Technology,Electronic Components,1.591,37.26,46.5,0.95,0.85,0.51
ELF,5.32,103.75,541.42,71.72,2,1.06,1.56,2/4,buy,48.82-147.75,6.59,30.0,127.0,115.53,Buy time,1.94 million,Consumer Defensive,Household & Personal Products,1.603,100.2,123.54,0.97,0.84,0.31
PI,5.35,185.19,504.66,46.92,2,0.05,0.01,2/4,buy,87.36-247.064,4.52,25.0,220.0,200.44,Buy time,485.33 thousand,Technology,Semiconductors,1.944,185.34,226.96,1.0,0.82,0.79
LUV,5.37,41.85,294.5,66.54,3,0.4,0.75,3/4,hold,29.26-55.11,6.24,24.0,65.0,57.2,Buy time,7.57 million,Industrials,Airlines,1.155,41.01,49.83,0.98,0.84,0.32
EUDA,5.38,17.3,290.3,276.42,0,1,1,0/4,,5.26-86.0,22.25,80.0,55.0,55.0,Sell,44.80 thousand,Real Estate,Real Estate Services,0.586,17.32,22.04,1.0,0.78,-0.28
DXPE,5.4,195.8,335.26,46.8,3,0.14,0.08,3/4,buy,84.04-208.0,4.45,6.0,220.0,210.0,Buy time,149.06 thousand,Industrials,Industrial Distribution,1.037,190.57,235.31,0.97,0.83,0.53
BLIN,5.4,0.88,161.57,-2.05,2,0.03,2.38,2/4,,0.69-1.62,-0.35,46.0,0.1,0.1,- Buy time -,88.92 thousand,Technology,Software - Infrastructure,0.919,0.93,1.3,1.06,0.68,2.5
EXFY,5.42,2.35,473.79,86.44,2,0.04,1.7,2/4,hold,0.691-2.81,8.09,16.0,3.0,2.92,Buy time,720.22 thousand,Technology,Software - Application,1.74,2.33,2.84,0.99,0.83,0.36
WRBY,5.46,26.65,435.53,86.55,2,0.03,0.34,2/4,buy,14.96-31.0,7.28,14.000000000000002,35.0,32.73,- Buy time -,4.18 million,Healthcare,Medical Instruments & Supplies,1.895,25.75,31.74,0.97,0.84,0.55
GEV,5.47,990.0,310.27,35.49,3,14.73,7.49,3/4,buy,530.16-1195.94,3.31,17.0,1450.0,1340.17,Buy time,2.98 million,Industrials,Specialty Industrial Machinery,0.967,966.59,1156.2,0.98,0.86,0.84
PMTS,5.51,24.69,392.12,95.08,3,-0.02,-0.03,3/4,buy,10.81-31.25,8.87,21.0,34.0,33.25,Buy time,536.38 thousand,Financial Services,Credit Services,1.119,24.27,33.13,0.98,0.75,-0.22
YMM,5.51,8.41,100.83,29.48,3,0.28,0.27,3/4,buy,7.455-14.02,2.85,40.0,16.282764,14.39,Buy time,6.10 million,Technology,Software - Application,0.21,8.27,10.39,0.98,0.81,1.52
CXDO,5.52,6.02,366.29,52.33,3,0.04,0.52,3/4,buy,5.541-11.23,4.98,46.0,12.0,11.46,- +Buy time -,334.39 thousand,Communication Services,Telecom Services,1.146,5.85,7.05,0.97,0.85,0.49
PRCH,5.55,17.35,918.75,55.83,1,0.14,4.5,1/4,buy,6.36-18.37,5.19,6.0,25.0,22.89,Buy time,1.40 million,Financial Services,Insurance - Property & Casualty,3.163,16.87,20.78,0.97,0.83,0.53
KOPN,5.61,4.87,909.12,73.39,1,0.02,1.0,1/4,buy,1.81-6.61,6.37,26.0,12.0,10.21,Buy time,3.64 million,Technology,Electronic Components,3.587,4.74,5.87,0.97,0.83,0.39
VUZI,5.69,2.98,473.43,174.95,0,0.03,0.28,0/4,buy,1.97-5.62,14.77,47.0,6.0,6.0,Sell ALL,1.38 million,Technology,Consumer Electronics,1.752,2.86,3.7,0.96,0.81,0.93
CURV,5.72,2.46,354.03,94.97,3,0.09,3.59,3/4,hold,0.939-2.855,8.54,14.000000000000002,3.0,2.58,Buy time,221.48 thousand,Consumer Cyclical,Apparel Retail,0.692,2.39,2.87,0.97,0.86,0.11
DAVE,5.74,368.94,1112.09,53.78,1,0.84,0.26,1/4,buy,152.21-458.25,4.94,19.0,500.0,472.11,- Buy time -,374.25 thousand,Technology,Software - Application,3.931,368.34,448.85,1.0,0.82,0.25
UI,5.75,609.29,409.85,78.17,3,0.29,0.08,3/4,strongBuy,500.23-1099.99,7.41,45.0,980.0,857.25,Buy time,156.18 thousand,Technology,Communication Equipment,1.307,592.24,725.45,0.97,0.84,0.21
CCL,5.78,25.56,589.88,126.3,1,0.08,0.06,1/4,buy,21.45-34.03,10.99,25.0,43.0,38.47,Buy,26.99 million,Consumer Cyclical,Travel Services,2.381,23.56,29.84,0.92,0.86,0.63
OSPN,5.8,18.58,478.07,75.2,3,0.11,0.43,3/5,buy,10.07-18.5,9.31,-0.0,22.0,20.0,Buy,404.79 thousand,Technology,Software - Infrastructure,1.583,17.9,21.6,0.96,0.86,-0.02
QDEL,5.85,12.14,220.82,40.48,3,-0.22,2.63,3/4,buy,9.92-35.58,2.97,66.0,20.0,17.33,Buy time,2.32 million,Healthcare,Medical Devices,0.783,11.79,14.81,0.97,0.82,1.44
TTMI,5.89,133.14,755.11,63.04,2,0.17,0.23,2/4,buy,53.36-223.83,5.03,41.0,236.0,222.8,Buy time,2.22 million,Technology,Electronic Components,2.138,127.67,158.96,0.96,0.84,0.5
RLJ,5.94,11.2,319.7,32.31,5,0.12,1.43,5/5,hold,6.54-12.89,4.17,13.0,13.0,12.38,Buy,1.25 million,Real Estate,REIT - Hotel & Motel,1.137,11.07,13.09,0.99,0.86,-0.26
HWKN,5.96,132.45,235.55,49.9,5,-0.29,-0.24,5/5,strongBuy,116.05-184.74,6.33,28.000000000000004,200.0,187.12,Buy,153.15 thousand,Basic Materials,Specialty Chemicals,0.737,127.04,151.53,0.96,0.87,-0.32
ALGM,6.0,38.46,721.57,67.88,2,0.03,0.13,2/4,buy,22.41-71.77,5.59,46.0,62.0,58.21,Buy time,3.10 million,Technology,Semiconductors,1.985,36.69,46.13,0.95,0.83,0.62
TLN,6.04,331.87,533.28,68.97,2,-0.9,-0.27,2/4,buy,279.77-449.841,5.76,26.0,560.0,507.82,Buy time,1.02 million,Utilities,Utilities - Independent Power Producers,1.617,312.31,389.11,0.94,0.85,1.13
DTST,6.05,3.39,318.48,124.87,3,-0.06,-0.16,3/4,hold,2.75-5.15,10.32,34.0,0.1,0.1,Buy time,13.22 thousand,Technology,Information Technology Services,1.19,3.15,3.81,0.93,0.89,0.16
BRZE,6.06,26.61,344.29,107.8,3,0.03,0.18,3/4,buy,15.26-37.327,10.03,28.999999999999996,50.0,43.65,Buy time,2.88 million,Technology,Software - Application,0.911,25.62,30.98,0.96,0.86,0.26
WSM,6.07,238.7,490.44,56.37,3,0.91,0.45,3/4,hold,165.51-254.89,5.22,6.0,280.0,263.93,Buy time,1.46 million,Consumer Cyclical,Specialty Retail,1.469,230.57,284.34,0.97,0.84,0.66
PRIM,6.1,80.57,426.9,70.33,3,-0.16,-0.06,3/4,buy,65.0-205.5,6.67,61.0,165.0,141.4,Buy time,1.57 million,Industrials,Engineering & Construction,1.443,78.65,96.67,0.98,0.83,0.64
PLTR,6.14,189.4,528.05,127.17,2,0.11,0.37,2/4,buy,106.37-207.52,11.71,9.0,255.0,225.28,Buy time,23.49 million,Technology,Software - Infrastructure,1.602,179.86,222.62,0.95,0.85,0.34
FPI,6.17,11.15,219.74,49.64,3,-0.04,-1.37,3/4,hold,9.21-13.225,4.8,16.0,10.5,10.5,Buy time,899.98 thousand,Real Estate,REIT - Specialty,0.701,10.98,14.16,0.98,0.79,1.56
NVDA,6.19,238.9,705.99,93.57,2,0.23,0.12,2/4,buy,164.27-240.1,8.63,0.0,515.0,421.86,Buy time,130.10 million,Technology,Semiconductors,2.216,226.84,283.5,0.95,0.84,0.42
EXOD,6.21,6.85,913.74,178.91,0,0.02,-0.37,0/4,buy,4.57-32.21,12.26,79.0,15.0,13.35,Sell ALL,90.06 thousand,Technology,Software - Infrastructure,3.036,7.17,9.0,1.05,0.76,0.43
SSYS,6.28,8.58,632.74,110.19,2,0.03,3.56,2/4,buy,7.34-12.81,10.02,33.0,12.5,12.25,Buy time,844.24 thousand,Technology,Computer Hardware,1.992,8.11,10.07,0.95,0.85,0.46
VIR,6.32,11.78,500.91,107.52,2,-1.76,-3.24,2/4,buy,4.815-11.94,9.85,1.0,30.0,25.39,Buy time,2.84 million,Healthcare,Biotechnology,1.593,11.11,13.91,0.94,0.85,0.88
CYRX,6.32,18.25,659.26,124.11,2,-0.02,-0.07,2/5,buy,7.61-18.36,14.79,1.0,25.0,22.33,Buy,577.88 thousand,Industrials,Integrated Freight & Logistics,1.959,17.25,21.13,0.95,0.86,-0.02
SEI,6.36,74.75,529.76,109.6,3,0.26,0.94,3/4,buy,38.499-86.19,9.81,13.0,120.0,110.64,Buy time,2.94 million,Energy,Oil & Gas Equipment & Services,1.285,71.17,85.97,0.95,0.87,0.07
TSSI,6.39,10.05,645.9,131.3,2,-0.02,-0.28,2/4,strongBuy,6.87-21.77,11.14,54.0,20.0,18.25,Buy time,829.14 thousand,Technology,Information Technology Services,1.98,9.23,11.37,0.92,0.88,0.28
VIRC,6.44,6.79,154.95,97.31,3,0,0,3/4,hold,5.16-7.61,9.05,11.0,6.7,6.7,Buy time,41.04 thousand,Consumer Cyclical,Furnishings, Fixtures & Appliances,0.142,6.49,7.77,0.96,0.87,1.3
NVTS,6.44,12.34,1033.66,76.23,1,0.01,0.21,1/4,hold,6.85-34.17,5.75,64.0,21.0,17.54,Buy time,16.61 million,Technology,Semiconductors,3.957,11.92,14.87,0.97,0.83,0.91
SKIL,6.45,5.64,524.81,335.3,0,1.45,22.61,0/4,hold,3.43-18.45,23.4,69.0,0.1,0.1,Sell,78.25 thousand,Consumer Defensive,Education & Training Services,2.414,5.72,7.45,1.01,0.76,-0.41
UPLD,6.48,3.8,551.53,194.52,1,0.57,0.41,1/4,strongBuy,3.1-27.5,15.26,86.0,15.0,13.75,- Buy time -,52.67 thousand,Technology,Software - Application,1.433,3.93,4.8,1.03,0.79,0.55
ZETA,6.49,32.88,414.6,87.46,3,0.13,0.79,3/4,buy,14.365-34.8,8.21,6.0,44.0,38.21,Buy time,7.11 million,Technology,Software - Infrastructure,1.392,32.13,40.7,0.98,0.81,0.81
INGN,6.5,5.94,356.96,124.96,2,0.13,1.33,2/4,strongBuy,5.045-9.13,10.61,35.0,12.0,12.0,Buy,623.82 thousand,Healthcare,Medical Devices,1.498,5.49,7.07,0.92,0.84,1.24
CLS,6.52,382.69,519.56,109.14,3,0.27,0.12,3/4,buy,230.24-474.03,9.44,19.0,550.0,511.96,Buy time,2.58 million,Technology,Electronic Components,1.316,356.15,437.7,0.93,0.87,0.29
HPE,6.52,68.36,619.35,111.67,3,0.43,0.66,3/4,buy,19.84-70.29,9.4,3.0,92.0,82.01,Buy time,28.93 million,Technology,Communication Equipment,1.404,63.27,77.04,0.93,0.89,0.01
DUOT,6.53,9.19,452.49,109.56,3,0.59,-2.92,3/4,buy,6.17-15.28,10.12,40.0,27.0,26.25,Buy time,773.18 thousand,Technology,Software - Application,1.363,8.82,10.95,0.96,0.84,0.43
SN,6.56,183.77,433.25,103.76,4,0.2,0.19,4/5,buy,83.12-194.54,12.5,6.0,240.0,224.78,Buy,1.93 million,Consumer Cyclical,Furnishings, Fixtures & Appliances,1.231,175.01,206.9,0.95,0.89,-0.37
ADMA,6.59,10.09,264.74,69.79,5,-0.02,-0.12,5/5,buy,7.21-20.458,8.52,51.0,21.0,19.0,Buy,2.38 million,Healthcare,Biotechnology,0.694,9.7,11.45,0.96,0.88,-0.09
NTRP,6.61,1.89,551.56,242.42,0,-0.28,-2.24,0/5,buy,0.9001-5.2,24.87,64.0,8.0,7.46,Sell,89.42 thousand,Consumer Cyclical,Travel Services,1.491,1.89,2.3,1.0,0.82,0.37
VLN,6.71,1.88,511.19,135.32,3,0.01,0.21,3/4,strongBuy,1.1-3.71,11.7,49.0,4.0,4.0,- +Buy time -,684.14 thousand,Technology,Semiconductors,1.299,1.76,2.14,0.94,0.88,0.12
MIND,6.74,4.53,221.0,149.02,3,-0.16,-1.38,3/4,buy,3.63-14.5,13.47,69.0,9.0,9.0,Buy time,103.38 thousand,Technology,Scientific & Technical Instruments,0.333,4.24,5.08,0.94,0.89,0.68
ALLT,6.75,8.41,498.16,114.06,3,0.03,0.59,3/4,buy,6.12-11.92,10.58,28.999999999999996,17.0,15.24,Buy time,344.98 thousand,Technology,Software - Infrastructure,1.482,8.09,9.84,0.96,0.85,0.46
EGAN,6.75,5.97,306.99,129.88,3,0.09,2.24,3/4,hold,5.02-15.95,11.89,63.0,7.0,6.67,Buy time,461.09 thousand,Technology,Software - Application,0.812,5.65,7.12,0.95,0.84,0.73
INSG,6.8,4.62,454.84,41.76,2,0.0,-0.02,2/4,buy,3.58-21.9,3.25,79.0,18.0,15.83,Buy time,816.76 thousand,Technology,Communication Equipment,1.615,4.45,6.19,0.96,0.75,2.5
ATOM,6.81,4.62,667.43,119.29,2,0.01,0.09,2/4,buy,1.892-12.365,10.17,63.0,10.0,10.0,Buy time,641.32 thousand,Technology,Semiconductor Equipment & Materials,2.041,4.37,5.61,0.95,0.82,0.81
MRVL,6.83,271.25,726.67,147.28,2,0.01,0.02,2/4,buy,70.69-329.88,12.96,18.0,450.0,371.94,Buy time,21.67 million,Technology,Semiconductors,2.26,253.66,319.81,0.94,0.85,0.24
NET,6.87,359.49,588.59,164.58,2,0.04,0.15,2/4,buy,158.83-367.43,14.73,2.0,405.0,371.85,Buy time,3.65 million,Technology,Software - Infrastructure,1.645,342.29,426.32,0.95,0.84,0.38
ESTC,6.92,94.91,424.37,132.67,3,0.17,0.28,3/4,buy,42.05-108.0,12.14,12.0,130.0,120.35,Buy time,2.38 million,Technology,Software - Application,1.037,89.18,109.07,0.94,0.87,0.55
LITE,6.98,1091.67,498.5,173.66,2,0.36,0.13,2/4,buy,147.81-1124.4,15.08,3.0,1400.0,1280.98,Buy time,6.28 million,Technology,Communication Equipment,1.536,1004.81,1243.07,0.92,0.88,0.62
AISP,7.01,2.02,228.12,41.48,3,-0.04,-3.68,3/4,,1.685-7.09,3.96,72.0,6.5,6.5,Buy time,11.23 million,Technology,Software - Infrastructure,0.629,2.19,14.2,1.08,0.14,2.5
ASPN,7.02,5.69,922.47,153.15,1,-0.04,-0.16,1/4,buy,2.3-9.348,13.71,39.0,10.0,8.88,Buy time,966.77 thousand,Basic Materials,Specialty Chemicals,3.057,5.27,6.91,0.93,0.82,0.58
AMPL,7.03,14.88,584.44,174.89,2,-0.01,-1.45,2/4,buy,5.51-14.92,15.39,0.0,18.0,16.27,- Buy time -,1.89 million,Technology,Software - Application,1.499,13.68,17.19,0.92,0.87,0.42
SMTC,7.07,192.83,779.58,147.63,2,0.16,0.28,2/4,buy,60.28-201.99,13.27,5.0,300.0,256.23,Buy time,4.39 million,Technology,Semiconductors,2.415,181.59,223.6,0.94,0.86,0.32
ATEN,7.08,28.19,419.2,134.23,3,0.02,0.08,3/4,buy,16.52-38.49,12.24,27.0,45.0,40.83,Buy time,1.10 million,Technology,Software - Infrastructure,1.12,26.83,33.47,0.95,0.84,0.71
FNKO,7.1,6.1,334.44,86.43,5,0.64,3.04,5/5,buy,2.72-7.35,10.39,17.0,8.0,7.62,Buy,949.99 thousand,Consumer Cyclical,Leisure,0.956,5.72,6.97,0.94,0.88,-0.03
SVCO,7.13,8.97,295.2,241.04,2,0.01,1.25,2/5,buy,3.07-14.39,25.2,38.0,18.0,16.58,mere Buy (some sold),402.89 thousand,Technology,Software - Application,0.419,7.93,9.39,0.88,0.96,0.03
EMBC,7.17,5.88,323.13,181.03,3,0.15,0.76,3/4,hold,2.77-14.91,15.99,61.0,5.0,4.5,Buy time,1.22 million,Healthcare,Medical Instruments & Supplies,0.831,5.41,6.67,0.92,0.88,0.39
MLAB,7.18,142.23,421.05,167.65,3,-0.81,-0.18,3/4,hold,66.56-143.4312,15.02,1.0,125.0,125.0,Buy time,152.08 thousand,Technology,Scientific & Technical Instruments,1.054,132.83,163.93,0.93,0.87,0.33
IONQ,7.25,44.06,972.78,142.17,2,-1.89,-2.5,2/5,buy,25.89-84.64,16.59,48.0,100.0,83.32,Buy,12.78 million,Technology,Computer Hardware,3.361,41.14,50.9,0.93,0.87,-0.2
LPTH,7.27,10.81,525.16,166.72,3,-0.01,0.27,3/4,buy,5.83-18.94,14.89,43.0,17.0,16.4,Buy time,3.85 million,Technology,Electronic Components,1.383,10.23,12.46,0.95,0.87,0.16
FTNT,7.28,184.13,411.62,171.53,3,0.35,0.53,3/4,hold,73.55-184.63,15.24,0.0,220.0,192.16,Buy time,3.92 million,Technology,Software - Infrastructure,1.037,173.55,212.9,0.94,0.86,0.4
CVLT,7.29,153.73,362.91,174.88,3,0.45,0.4,3/4,buy,71.75-179.71,15.39,14.000000000000002,200.0,180.28,Buy time,701.56 thousand,Technology,Software - Application,0.792,145.33,179.24,0.95,0.86,0.5
AVPT,7.32,14.77,446.6,118.88,4,0.07,0.82,4/5,buy,8.835-15.48,14.29,5.0,26.0,21.4,Buy,2.01 million,Technology,Software - Infrastructure,1.169,13.84,16.84,0.94,0.88,0.1
MSTR,7.32,166.43,893.31,216.22,1,-50.44,-10.45,1/5,buy,81.81-359.44,21.31,54.0,435.0,335.9,Buy,20.85 million,Technology,Software - Application,3.571,153.19,197.62,0.92,0.84,-0.11
VCYT,7.34,48.78,700.87,141.47,3,0.3,0.81,3/5,buy,29.455-60.91,16.22,20.0,70.0,64.21,Buy,1.11 million,Healthcare,Diagnostics & Research,1.947,44.41,53.26,0.91,0.92,-0.12
EFXT,7.36,25.02,521.64,94.17,2,0.1,0.31,2/4,strongBuy,10.57-29.15,8.39,14.000000000000002,33.0,32.25,Buy time,969.12 thousand,Energy,Oil & Gas Equipment & Services,2.049,23.91,32.69,0.96,0.77,2.08
SONO,7.38,17.94,616.15,177.04,2,0.04,-2.65,2/4,buy,12.44-19.82,15.72,9.0,21.0,19.81,Buy time,2.57 million,Technology,Consumer Electronics,1.88,16.41,21.11,0.91,0.85,0.64
RGEN,7.46,189.5,409.64,140.55,3,0.18,0.43,3/4,buy,100.99-198.87,12.83,5.0,225.0,207.35,Buy time,1.55 million,Healthcare,Medical Instruments & Supplies,1.077,180.72,232.93,0.95,0.81,1.02
RKLB,7.48,73.02,868.85,153.87,2,0.01,0.07,2/4,buy,37.57-151.0,13.79,52.0,150.0,129.57,Buy time,25.37 million,Industrials,Aerospace & Defense,2.938,68.32,86.88,0.94,0.84,0.41
GH,7.59,187.22,626.09,182.22,2,-0.01,-0.03,2/4,buy,61.0-187.69,15.94,0.0,240.0,219.52,- Buy time -,2.14 million,Healthcare,Diagnostics & Research,1.583,177.46,218.73,0.95,0.86,0.77
WBD,7.6,30.95,399.36,103.2,2,-0.91,-10.08,2/4,hold,17.08-30.99,9.4,0.0,31.25,30.71,Buy time,186.25 million,Communication Services,Entertainment,1.539,29.68,37.46,0.96,0.83,2.5
HBB,7.64,36.37,163.64,202.76,3,-0.46,-0.47,3/4,,13.75-39.99,17.51,9.0,0.1,0.1,Buy time,134.52 thousand,Consumer Cyclical,Furnishings, Fixtures & Appliances,0.225,33.8,41.77,0.93,0.87,0.99
CBRL,7.66,55.81,477.74,107.48,5,1.58,6.14,5/5,hold,24.85-60.26,11.33,7.000000000000001,60.0,55.36,Buy,889.24 thousand,Consumer Cyclical,Restaurants,1.208,50.39,61.6,0.9,0.91,-0.09
ALNT,7.75,120.16,540.25,158.33,4,0.16,0.25,4/5,buy,41.75-121.42,17.89,1.0,130.0,124.0,Buy,230.10 thousand,Technology,Electronic Components,1.581,108.93,134.12,0.91,0.9,-0.3
CEVA,7.77,36.31,668.95,181.44,3,0.03,1.31,3/5,buy,17.02-51.6,20.1,30.0,60.0,53.33,Buy,370.03 thousand,Technology,Semiconductors,1.934,32.66,40.14,0.9,0.9,-0.21
CLMB,7.86,33.73,348.98,219.26,3,-0.07,-0.26,3/4,buy,15.25-36.0875,18.47,7.000000000000001,34.0,33.17,Buy time,150.68 thousand,Technology,Electronics & Computer Distribution,1.073,29.77,37.32,0.88,0.9,0.52
INOD,7.88,68.82,960.2,208.35,1,0.39,1.84,1/5,buy,34.23-125.14,22.68,45.0,140.0,131.38,mere Buy (some sold),1.13 million,Technology,Information Technology Services,2.982,63.18,83.95,0.92,0.82,0.24
RVSB,7.97,5.99,266.65,115.82,3,-0.01,-0.26,3/4,strongBuy,4.88-6.22,10.68,4.0,7.0,7.0,Buy time,100.93 thousand,Financial Services,Banks - Regional,0.461,5.8,7.31,0.97,0.82,2.26
BLFS,8.0,38.61,555.57,101.28,2,0.05,2.01,2/4,hold,17.86-39.76,9.48,3.0,33.0,32.14,Buy time,1.79 million,Healthcare,Medical Instruments & Supplies,1.824,37.15,50.96,0.96,0.76,2.5
A,8.01,174.0,436.89,129.66,5,0.21,0.15,5/5,buy,108.35-177.05,15.56,2.0,190.0,182.75,Buy,1.96 million,Healthcare,Diagnostics & Research,1.208,162.39,193.66,0.93,0.9,-0.12
BB,8.02,9.08,518.94,177.06,3,0.04,1.25,3/4,hold,3.12-13.59,15.53,33.0,13.0,11.4,Buy time,16.97 million,Technology,Software - Infrastructure,1.302,8.38,10.62,0.92,0.85,0.79
RMBS,8.13,109.78,656.37,192.62,3,0.05,0.07,3/5,buy,77.89-174.1,20.78,37.0,180.0,163.93,Buy,1.69 million,Technology,Semiconductors,1.847,98.25,125.82,0.89,0.87,0.04
PAYS,8.14,14.85,362.48,111.12,5,0.02,0.19,5/5,buy,3.08-14.93,12.39,1.0,15.0,14.55,Buy,1.01 million,Technology,Software - Infrastructure,0.834,13.72,16.8,0.92,0.88,0.58
SHOP,8.4,160.11,840.0,231.22,2,0.05,0.14,2/4,buy,94.0-182.19,19.56,12.0,220.0,196.39,- +Buy time -,11.88 million,Technology,Software - Application,2.625,141.42,181.79,0.88,0.88,0.34
BRKR,8.43,65.21,408.8,157.54,5,0.19,0.62,5/5,buy,32.37-66.98,18.14,3.0,80.0,71.12,Buy,2.04 million,Healthcare,Medical Devices,1.223,61.86,75.11,0.95,0.87,-0.04
DMRC,8.52,6.1,705.61,216.88,2,0.02,0.16,2/4,strongBuy,4.07-17.47,18.03,65.0,15.0,13.25,Buy time,281.35 thousand,Technology,Software - Application,2.433,5.65,7.92,0.93,0.77,1.05
AMRX,8.57,20.35,493.21,187.37,3,0.17,0.9,3/4,strongBuy,9.56-21.175,16.41,4.0,27.0,24.86,Buy time,4.82 million,Healthcare,Drug Manufacturers - Specialty & Generic,1.218,19.29,23.41,0.95,0.87,1.26
LAKE,8.65,11.77,459.96,167.37,2,0.02,-0.8,2/4,buy,7.15-18.0,14.36,35.0,17.0,16.12,- Buy time -,135.28 thousand,Consumer Cyclical,Apparel Manufacturing,1.447,10.79,14.64,0.92,0.8,2.5
ALAB,8.69,362.34,1112.67,253.55,1,0.18,0.29,1/4,buy,97.89-499.476,19.63,27.0,500.0,444.98,Buy time,4.85 million,Technology,Semiconductors,3.69,319.46,423.83,0.88,0.85,0.48
PRTH,8.82,7.78,386.81,313.3,0,0.1,0.42,0/4,hold,4.44-7.91,23.65,2.0,8.05,8.04,mere Buy (some sold),5.29 million,Technology,Software - Infrastructure,1.578,6.97,11.49,0.9,0.68,2.5
SYNA,8.85,119.73,695.99,207.44,2,0.1,0.1,2/4,hold,58.28-149.11,15.62,20.0,170.0,149.67,Buy time,1.09 million,Technology,Semiconductors,1.961,104.23,136.67,0.87,0.88,1.65
XMTR,8.93,107.7,552.27,232.33,3,0.03,0.28,3/4,buy,35.86-108.55,20.05,1.0,126.0,119.05,Buy time,905.23 thousand,Industrials,Industrial Distribution,1.228,97.56,119.76,0.91,0.9,0.83
DMAC,9.17,8.42,513.57,279.53,3,0.01,0.02,3/4,buy,5.245-10.4195,23.16,19.0,25.0,20.25,Buy time,264.57 thousand,Healthcare,Biotechnology,0.914,7.4,9.14,0.88,0.92,0.56
BFLY,9.21,9.38,874.64,264.0,2,0.04,1.07,2/4,buy,1.9-10.05,21.86,7.000000000000001,15.0,13.2,Buy time,5.88 million,Healthcare,Medical Devices,2.044,8.18,10.67,0.87,0.88,0.63
CRDO,9.44,212.48,1216.11,285.3,1,0.16,0.15,1/4,buy,86.485-308.67,23.31,31.0,315.0,297.05,Buy time,10.79 million,Technology,Semiconductors,3.249,184.77,251.48,0.87,0.84,0.43
NTRA,9.44,425.64,594.53,271.54,3,0.01,0.03,3/4,buy,167.33-427.468,22.72,0.0,475.0,420.53,Buy time,2.02 million,Healthcare,Diagnostics & Research,1.499,371.89,473.65,0.87,0.9,0.71
ARHS,9.51,10.11,1051.23,259.46,2,0.12,0.93,2/4,hold,5.57-12.08,19.88,16.0,13.0,11.77,Buy time,2.09 million,Consumer Cyclical,Specialty Retail,2.308,8.72,11.36,0.86,0.89,0.64
OKTA,9.53,224.16,431.58,234.35,5,0.15,0.16,5/5,buy,62.66-225.13,25.72,0.0,250.0,231.12,Buy,2.71 million,Technology,Software - Infrastructure,0.733,199.57,238.02,0.89,0.94,-0.18
AZTA,9.62,43.29,528.19,277.42,4,-0.12,-0.69,4/5,hold,15.93-43.94,28.74,1.0,42.0,39.5,Buy,643.11 thousand,Healthcare,Medical Instruments & Supplies,1.524,35.59,44.31,0.82,0.98,-0.16
ADPT,9.8,29.84,737.21,221.32,2,-0.09,-0.67,2/4,buy,12.0-29.96,18.9,0.0,35.0,31.66,Buy time,3.79 million,Healthcare,Diagnostics & Research,2.096,28.04,35.65,0.94,0.84,2.15
TKNO,9.93,9.0,451.91,311.74,3,0.03,0.45,3/4,buy,1.91-9.48,25.44,5.0,12.0,10.5,Buy time,383.46 thousand,Healthcare,Drug Manufacturers - Specialty & Generic,0.858,7.95,9.94,0.88,0.91,1.05
XERS,10.1,10.13,602.82,326.54,3,0.01,14.21,3/4,buy,5.25-11.33,26.46,11.0,18.0,15.29,Buy time,3.89 million,Healthcare,Drug Manufacturers - Specialty & Generic,0.838,8.71,10.99,0.86,0.92,0.62
OM,10.27,4.1,497.25,286.07,2,-0.12,-0.17,2/4,buy,2.841-16.159,21.71,75.0,10.0,8.83,- Buy time -,364.32 thousand,Healthcare,Medical Devices,1.989,3.47,5.23,0.85,0.78,2.5
CDNA,10.93,69.85,792.13,365.69,2,0.35,2.21,2/4,buy,13.95-70.75,28.05,1.0,74.0,66.42,Buy time,1.46 million,Healthcare,Diagnostics & Research,2.383,57.74,81.55,0.83,0.86,1.27
TWLO,11.78,300.91,680.59,295.48,3,0.38,0.29,3/4,buy,104.5-305.95,24.45,2.0,330.0,296.52,Buy time,10.99 million,Technology,Software - Infrastructure,1.357,262.93,411.76,0.87,0.73,2.5
MXL,11.8,105.49,1665.74,396.0,1,0.06,0.32,1/4,buy,12.77-128.3,29.31,18.0,125.0,109.77,Buy time,3.63 million,Technology,Semiconductors,3.94,86.32,124.75,0.82,0.85,0.25
LFCR,12.46,6.53,374.7,408.74,5,-0.11,-0.34,5/5,hold,3.63-8.98,36.95,27.0,6.28,6.28,Buy,227.83 thousand,Healthcare,Drug Manufacturers - Specialty & Generic,0.979,5.23,6.72,0.8,0.97,0.64
PTC,12.77,192.26,342.99,455.52,3,0.61,0.29,3/4,buy,108.5-206.82,31.98,7.000000000000001,205.0,194.82,Buy time,8.84 million,Technology,Software - Application,0.995,149.26,264.51,0.78,0.73,2.5
RXRX,12.86,4.78,870.09,445.42,3,0.02,0.08,3/4,hold,2.77-7.18,33.05,33.0,10.0,8.61,Buy time,36.24 million,Healthcare,Biotechnology,1.032,3.88,5.03,0.81,0.95,1.21
CANG,13.63,2.72,741.8,427.34,3,0.16,0.18,3/4,buy,1.36-24.25,32.72,89.0,8.5,7.38,Buy time,619.57 thousand,Financial Services,Capital Markets,1,2.43,3.0,0.89,0.91,2.5
RBOT,14.37,0.05,1367.34,620.91,2,0.14,-0.03,2/4,,0.02-7.45,41.18,99.0,0.1,0.1,- +Buy time -,53.18 thousand,Healthcare,Medical Devices,2.159,0.06,0.09,1.2,0.56,0.12
SRFM,16.13,0.89,1619.01,653.77,2,-0.04,-0.51,2/4,buy,0.456-6.171,42.85,86.0,12.0,8.46,Buy time,6.39 million,Industrials,Airlines,2.525,0.77,1.26,0.87,0.71,0.82
GRAL,19.94,154.08,1990.69,849.86,2,1.68,0.75,2/4,hold,41.5-156.49,50.53,2.0,175.0,143.7,- +Buy time -,2.01 million,Healthcare,Diagnostics & Research,2.838,106.51,165.17,0.69,0.93,1.46
KOD,26.0,93.81,497.8,1879.26,1,-0.02,-0.03,1/4,buy,10.94-104.0,64.94,10.0,145.0,130.83,Buy,2.27 million,Healthcare,Biotechnology,2.035,51.23,107.56,0.55,0.87,2.5
NFE,314.43,5.87,-51.28,36316.51,-3,0,0,-3/4,sell,5.445-122.0,94.38,95.0,2.0,2.0,Sell ALL,594.81 thousand,Energy,Oil & Gas Midstream,1.416,8.06,83.69,1.37,0.07,2.5
