BBCP,0.01,9.88,66.78,-20.1,-2,0.08,5.38,-2/14,hold,5.555-12.19,6.92,19.0,12.0,12.0,Buy time,183.83 thousand,Industrials,Engineering & Construction,0.84,10.16,12.07,1.03,0.82,0.14
ATLC,0.06,89.29,158.71,-11.59,-3,0.58,0.35,-3/14,buy,47.5-114.34,-7.62,22.0,179.0,154.8,Sell ALL,136.42 thousand,Financial Services,Credit Services,2.024,98.22,115.64,1.1,0.77,0.09
SOUN,0.07,6.05,212.7,-14.13,-2,0.01,-0.08,-2/14,buy,5.65-22.17,-20.99,73.0,17.0,14.79,Sell ALL,32.11 million,Technology,Software - Application,2.831,6.9,8.21,1.14,0.74,0.2
GEV,0.1,987.45,68.79,-24.91,-1,14.73,7.49,-1/14,buy,530.16-1195.94,3.1,17.0,1450.0,1340.17,Buy time,2.78 million,Industrials,Specialty Industrial Machinery,0.967,1006.61,1210.63,1.02,0.82,0.23
UNFI,0.14,44.78,84.35,-2.43,-2,0.11,0.29,-2/14,hold,30.91-57.02,-7.28,21.0,61.0,57.0,== less Sell ALL==,580.00 thousand,Consumer Defensive,Food Distribution,0.807,47.77,57.43,1.07,0.78,0.15
ARQT,0.14,25.29,102.55,-0.44,-5,0.03,0.65,-5/14,buy,19.295-31.77,0.83,20.0,40.0,38.5,Sell ALL,1.98 million,Healthcare,Biotechnology,1.503,26.7,31.97,1.06,0.79,0.31
MPLX,0.21,56.35,14.69,1.56,-2,-0.18,-0.17,-2/14,hold,47.8-60.95,-3.66,8.0,73.0,67.92,Sell ALL,1.65 million,Energy,Oil & Gas Midstream,0.458,58.33,70.16,1.04,0.8,0.17
VLN,0.22,1.87,99.16,-13.27,-4,0.01,0.21,-4/14,strongBuy,1.1-3.71,3.21,50.0,4.0,4.0,Sell ALL,802.11 thousand,Technology,Semiconductors,1.391,1.83,2.19,0.98,0.85,0.09
RMNI,0.22,4.29,106.7,-4.09,0,-0.02,-0.34,0/14,buy,2.87-5.68,-22.38,24.0,8.0,7.5,- Buy time -,388.22 thousand,Technology,Software - Application,1.241,4.83,5.8,1.13,0.74,0.29
LOVE,0.25,14.97,187.1,-32.49,-1,-0.43,-3.69,-1/14,buy,10.33-19.245,-7.35,22.0,35.0,29.08,Sell ALL,277.54 thousand,Consumer Cyclical,Furnishings, Fixtures & Appliances,2.032,16.93,20.17,1.13,0.74,0.26
ESQ,0.26,118.19,33.41,0.16,-3,-0.07,-0.05,-3/14,strongBuy,92.1-134.815,2.44,12.0,140.0,135.0,Sell ALL,149.44 thousand,Financial Services,Banks - Regional,0.353,122.42,146.95,1.04,0.8,0.13
DAKT,0.27,17.61,143.41,-24.5,0,0.17,0.91,0/14,buy,16.77-28.27,-9.03,38.0,34.0,33.0,Buy,491.85 thousand,Technology,Electronic Components,1.684,19.63,23.24,1.11,0.76,0.07
RYAM,0.36,7.34,110.74,7.57,-3,-0.53,-0.94,-3/14,strongBuy,5.38-11.85,-17.98,38.0,15.0,14.5,Sell ALL,1.05 million,Basic Materials,Chemicals,1.76,8.61,10.57,1.17,0.69,0.41
CNC,0.37,60.99,97.78,-23.3,1,2.67,1.91,1/14,hold,31.63-69.63,-6.61,12.0,85.0,78.39,Sell ALL,4.89 million,Healthcare,Healthcare Plans,1.106,66.62,79.81,1.09,0.76,0.2
LZ,0.44,5.73,164.05,-29.75,-1,0.0,-0.01,-1/14,hold,5.22-12.4,-1.83,54.0,9.0,8.3,- Buy time -,3.35 million,Industrials,Specialty Business Services,1.264,6.54,7.95,1.14,0.72,0.57
RLJ,0.56,11.04,88.97,-9.39,-1,0.12,1.43,-1/14,hold,6.54-12.89,-2.75,14.000000000000002,13.0,12.38,Sell ALL,2.08 million,Real Estate,REIT - Hotel & Motel,1.094,11.55,13.93,1.05,0.79,0.2
INGN,0.69,5.98,104.14,-19.4,-3,0.13,1.33,-3/14,strongBuy,5.045-9.13,6.19,35.0,12.0,12.0,Buy time,345.73 thousand,Healthcare,Medical Devices,1.577,6.07,7.44,1.02,0.8,0.25
VFC,0.7,14.41,139.27,-22.12,-3,-0.04,0.79,-3/14,hold,12.46-22.27,0.97,35.0,40.0,29.16,Buy time,7.66 million,Consumer Cyclical,Apparel Manufacturing,1.598,15.11,17.97,1.05,0.8,0.18
PRAX,0.71,286.91,235.71,-18.05,1,1.3,0.35,1/14,buy,50.31-392.7,-31.03,27.0,1201.0,922.29,- Buy time -,488.81 thousand,Healthcare,Biotechnology,2.778,340.71,410.84,1.19,0.7,0.45
DTST,0.82,3.38,86.18,5.32,-5,-0.06,-0.16,-5/14,hold,2.75-5.15,9.76,34.0,0.1,0.1,Buy,25.03 thousand,Technology,Information Technology Services,1.142,3.3,4.35,0.98,0.78,1.2
PTON,0.84,4.97,210.67,-30.38,-1,-0.01,-0.13,-1/14,hold,3.65-9.2,-8.85,46.0,20.0,13.95,Buy time,9.65 million,Consumer Cyclical,Leisure,2.528,5.66,6.83,1.14,0.73,0.37
TLN,0.98,323.09,152.2,-22.07,-2,-0.9,-0.27,-2/14,buy,279.77-451.28,2.67,28.000000000000004,560.0,507.82,Buy time,904.84 thousand,Utilities,Utilities - Independent Power Producers,1.63,340.79,410.96,1.05,0.79,0.46
CAE,1.03,24.04,88.55,-11.16,0,0.03,0.14,0/14,buy,22.76-34.24,-3.62,30.0,33.17606,31.47,Sell ALL,813.83 thousand,Industrials,Aerospace & Defense,1.017,25.4,30.86,1.06,0.78,0.17
KVYO,1.11,16.19,104.22,3.4,-2,0.02,0.11,-2/14,buy,12.53-33.355,-13.22,51.0,36.0,31.29,- Buy time -,6.05 million,Technology,Software - Application,0.569,17.81,21.62,1.1,0.75,0.28
EAT,1.11,194.33,63.98,27.4,-1,0.02,0.01,-1/14,buy,100.3-254.99,-26.62,24.0,325.0,295.05,Sell ALL,1.14 million,Consumer Cyclical,Restaurants,1.256,212.62,255.16,1.09,0.76,0.22
CEVA,1.11,35.52,126.16,-13.58,-6,0.03,1.31,-6/14,buy,17.02-51.6,21.2,31.0,60.0,53.33,Sell ALL,780.78 thousand,Technology,Semiconductors,1.977,34.96,40.84,0.98,0.87,0.25
DAVE,1.25,339.59,293.67,-18.23,-2,0.84,0.26,-2/14,buy,152.21-458.25,-4.46,26.0,500.0,472.11,Buy time,427.47 thousand,Technology,Software - Application,3.84,383.77,448.96,1.13,0.76,0.21
FTI,1.27,68.85,59.6,10.14,0,0.19,0.28,0/14,buy,35.29-80.7,-12.49,15.0,87.0,81.52,Sell ALL,3.37 million,Energy,Oil & Gas Equipment & Services,0.744,73.95,88.86,1.07,0.77,0.07
OSCR,1.28,29.9,122.51,-11.02,0,1.69,2.77,0/14,hold,10.69-34.48,-7.16,13.0,49.0,42.2,- Buy time -,5.76 million,Healthcare,Healthcare Plans,2.369,31.05,37.44,1.04,0.8,0.25
APG,1.38,40.01,100.34,-9.38,0,0.03,0.07,0/14,buy,33.52-49.99,-2.87,20.0,55.0,53.68,Buy time,2.91 million,Industrials,Engineering & Construction,1.599,40.79,48.69,1.02,0.82,0.19
XLO,1.38,8.91,-6.7,-4.88,-2,0,0,-2/14,buy,6.468-12.586,-3.59,28.999999999999996,20.0,20.0,Sell ALL,31.57 thousand,Healthcare,Biotechnology,1,9.19,11.76,1.03,0.76,1.11
WLKP,1.46,21.26,35.58,-6.41,0,-0.01,-0.03,0/14,buy,17.75-23.88,-1.41,11.0,26.0,26.0,Sell ALL,31.78 thousand,Basic Materials,Chemicals,0.51,21.75,26.32,1.02,0.81,0.6
VST,1.46,139.75,112.25,-13.83,-2,0.1,-0.01,-2/14,buy,132.66-217.1,2.69,36.0,305.0,258.89,Buy,4.90 million,Utilities,Utilities - Independent Power Producers,1.414,149.58,178.76,1.07,0.78,0.18
CDE,1.5,17.56,52.23,13.47,0,-0.14,-0.54,0/14,buy,13.55-27.77,-19.42,37.0,35.0,29.48,Sell ALL,39.38 million,Basic Materials,Gold,1.389,18.53,21.99,1.06,0.8,0.16
IKT,1.5,1.93,129.63,-3.06,1,-0.02,-0.18,1/14,buy,1.33-2.61,-23.83,26.0,8.0,7.0,Sell ALL,644.78 thousand,Healthcare,Biotechnology,0.958,2.31,2.81,1.2,0.69,0.16
VERX,1.63,12.3,197.07,2.5,-3,0.01,0.08,-3/14,hold,10.21-26.54,-9.51,54.0,25.0,21.08,- Buy time -,1.91 million,Technology,Software - Application,0.824,12.92,15.61,1.05,0.79,0.35
RDNT,1.67,67.7,91.5,1.83,1,0.0,-0.02,1/14,buy,50.82-85.84,-13.47,21.0,105.0,99.81,Sell ALL,861.21 thousand,Healthcare,Diagnostics & Research,1.404,71.74,86.72,1.06,0.78,0.14
C,1.69,127.0,107.65,-19.5,2,0.89,0.34,2/14,buy,93.66-147.96,-3.66,14.000000000000002,176.0,165.57,Sell ALL,10.30 million,Financial Services,Banks - Diversified,1.097,136.0,162.55,1.07,0.78,0.24
CRDO,1.72,210.17,257.62,4.37,-3,0.16,0.15,-3/14,buy,86.485-308.67,-9.71,32.0,350.0,315.55,Sell ALL,6.47 million,Technology,Semiconductors,3.228,223.43,260.21,1.06,0.81,0.12
SYNA,1.73,106.15,158.07,-22.7,-1,0.1,0.1,-1/14,hold,58.28-149.11,8.0,28.999999999999996,170.0,150.17,Buy time,860.20 thousand,Technology,Semiconductors,1.942,108.48,129.05,1.02,0.82,0.18
BLX,1.77,55.21,68.63,-12.46,0,1,1,0/14,buy,38.41-63.2,3.22,13.0,73.0,69.45,Buy time,212.71 thousand,Financial Services,Banks - Regional,0.775,57.08,69.04,1.03,0.8,0.48
ONDS,1.79,7.12,203.71,3.36,-1,-0.07,-1.72,-1/14,buy,4.95-15.28,-22.33,53.0,25.0,22.21,Sell ALL,84.69 million,Technology,Communication Equipment,2.736,8.17,9.78,1.15,0.73,0.18
CVNA,1.81,63.04,242.87,-16.87,0,0.08,0.22,0/14,buy,54.464-97.378,-10.9,35.0,120.0,101.65,Sell ALL,9.32 million,Consumer Cyclical,Auto & Truck Dealerships,3.497,70.12,83.43,1.11,0.76,0.33
DDL,1.82,2.14,67.19,27.02,-2,1,1,-2/14,,1.65-3.41,-15.42,37.0,3.4797795,3.38,Sell ALL,299.86 thousand,Consumer Defensive,Grocery Stores,0.479,2.28,2.74,1.07,0.78,0.24
PRDO,1.83,31.82,67.39,-12.95,2,0.06,0.07,2/14,strongBuy,26.66-38.5,-3.24,17.0,44.0,44.0,- Buy time -,745.88 thousand,Consumer Defensive,Education & Training Services,0.721,32.89,39.1,1.03,0.81,0.17
GEO,1.85,30.79,53.19,5.42,0,0.17,0.77,0/14,buy,12.51-33.15,-6.24,7.000000000000001,40.0,38.88,Sell ALL,2.10 million,Industrials,Security & Protection Services,0.776,31.66,37.75,1.03,0.82,0.34
GDS,1.91,29.8,55.81,2.36,0,12.8,43.17,0/14,buy,26.97-48.61,-10.23,39.0,63.042675,56.71,Sell ALL,1.69 million,Technology,Information Technology Services,0.427,32.45,39.21,1.09,0.76,0.26
CXT,1.98,48.06,100.69,-17.85,2,0.09,0.12,2/14,buy,35.71-69.0,-4.08,30.0,85.0,76.86,Buy time,633.95 thousand,Industrials,Business Equipment & Supplies,1.072,51.63,61.56,1.07,0.78,0.12
USAC,2.01,25.27,15.14,-4.24,2,-0.04,-0.11,2/14,hold,21.85-30.55,-5.07,17.0,33.0,31.5,Sell ALL,322.10 thousand,Energy,Oil & Gas Equipment & Services,0.195,26.47,32.91,1.05,0.77,0.39
EGAN,2.03,5.95,130.83,-4.18,4,0.09,2.24,4/14,hold,5.02-15.95,-22.69,63.0,7.0,6.67,Buy time,216.00 thousand,Technology,Software - Application,0.829,6.65,8.02,1.12,0.74,0.41
WFC,2.11,80.25,87.69,-12.03,2,0.3,0.17,2/14,buy,72.78-97.76,-4.47,18.0,115.0,107.68,Sell ALL,14.90 million,Financial Services,Banks - Diversified,0.916,87.22,104.77,1.09,0.77,0.28
TNDM,2.15,16.5,151.21,31.66,-1,0.15,0.35,-1/14,buy,12.26-29.65,-35.27,44.0,50.0,39.17,- Buy time -,2.10 million,Healthcare,Medical Devices,1.556,18.81,22.79,1.14,0.72,0.19
ICL,2.26,4.97,83.33,2.01,3,0.01,0.13,3/14,hold,4.76-6.97,-15.53,28.999999999999996,6.0,5.91,Sell ALL,1.29 million,Basic Materials,Agricultural Inputs,1.0,5.36,6.47,1.08,0.77,0.27
RDW,2.31,10.57,204.44,7.01,-1,0.09,0.59,-1/14,buy,4.87-26.64,-13.72,60.0,20.0,17.34,Sell ALL,15.58 million,Industrials,Aerospace & Defense,3.094,11.34,13.45,1.07,0.79,0.12
PTGX,2.32,139.19,117.28,14.73,-1,1.06,1.26,-1/14,buy,62.24-160.81,-10.87,13.0,225.0,199.85,Sell ALL,703.00 thousand,Healthcare,Biotechnology,1.794,145.09,175.47,1.04,0.79,0.23
STT,2.38,174.62,116.91,7.31,0,0.51,0.17,0/14,buy,104.64-195.93,-6.6,11.0,215.0,207.25,Sell ALL,1.95 million,Financial Services,Asset Management,1.418,185.29,223.11,1.06,0.78,0.25
GKOS,2.39,163.17,86.81,26.45,-1,0.17,0.69,-1/14,buy,73.16-191.62,-13.31,15.0,225.0,211.85,- Buy time -,748.09 thousand,Healthcare,Medical Devices,0.767,167.79,200.97,1.03,0.81,0.14
AR,2.45,34.03,25.11,-5.98,4,-0.08,-0.1,4/14,buy,29.1-45.75,-11.49,26.0,60.0,55.1,Sell ALL,4.12 million,Energy,Oil & Gas E&P,0.348,36.71,43.96,1.08,0.77,0.07
WRBY,2.48,27.49,122.91,-8.88,1,0.03,0.34,1/14,buy,14.96-31.0,0.18,11.0,35.0,32.73,Buy time,3.10 million,Healthcare,Medical Instruments & Supplies,1.914,26.96,32.87,0.98,0.84,0.25
TSSI,2.49,9.84,158.13,-10.94,-3,-0.02,-0.28,-3/14,strongBuy,6.87-21.77,11.08,55.00000000000001,20.0,18.25,Sell ALL,906.38 thousand,Technology,Information Technology Services,2.007,10.15,12.23,1.03,0.8,0.3
KD,2.5,12.12,173.66,3.66,-1,-0.24,-0.32,-1/14,hold,10.1-30.99,-3.55,61.0,16.0,15.1,- Buy time -,4.62 million,Technology,Information Technology Services,1.711,13.03,15.76,1.08,0.77,0.26
PAY,2.58,30.81,145.97,43.44,-1,0.09,0.53,-1/14,buy,20.11-45.31,-29.83,32.0,45.0,42.57,- Buy time -,1.07 million,Technology,Software - Infrastructure,1.312,34.35,40.85,1.11,0.75,0.22
RMBS,2.62,107.29,109.63,-2.8,-3,0.05,0.07,-3/14,buy,77.89-174.1,14.96,38.0,180.0,163.93,Buy time,2.51 million,Technology,Semiconductors,1.872,100.57,118.86,0.94,0.9,0.11
CXM,2.64,5.22,169.64,14.87,4,0.01,0.19,4/14,hold,4.715-8.275,-41.76,37.0,12.0,10.22,- Buy time -,3.63 million,Technology,Software - Application,0.646,6.28,7.51,1.2,0.7,0.18
CQP,2.71,61.0,32.52,3.23,4,0.78,0.69,4/14,hold,49.53-71.25,-12.1,14.000000000000002,67.0,63.5,Sell ALL,124.69 thousand,Energy,Oil & Gas Midstream,0.306,66.04,79.54,1.08,0.77,0.24
WMT,2.79,104.26,64.82,-14.25,3,0.07,0.09,3/14,buy,98.88-135.16,0.54,23.0,155.0,140.89,Sell ALL,26.53 million,Consumer Defensive,Discount Stores,0.595,109.96,132.57,1.05,0.79,0.17
WGS,2.83,70.96,125.66,25.88,1,-0.06,-13.02,1/14,buy,32.21-170.87,-22.7,57.99999999999999,103.0,97.69,Sell ALL,727.30 thousand,Healthcare,Diagnostics & Research,2.007,78.5,93.71,1.11,0.76,0.18
FULC,2.96,3.68,199.63,-9.28,2,0.05,0.19,2/14,hold,2.83-15.74,-4.08,77.0,4.0,3.83,Sell ALL,1.65 million,Healthcare,Biotechnology,2.585,3.82,4.59,1.04,0.8,0.19
OXBR,3.01,1.13,233.23,-13.27,-2,0,0,-2/14,strongBuy,0.66-2.134,-17.7,47.0,3.0,3.0,Sell ALL,37.16 thousand,Financial Services,Insurance - Reinsurance,1.968,1.47,1.96,1.3,0.58,2.5
RNGR,3.1,15.41,13.26,3.91,4,-0.07,-0.24,4/14,strongBuy,11.88-18.815,-11.16,18.0,21.0,19.83,Sell ALL,228.66 thousand,Energy,Oil & Gas Equipment & Services,0.136,16.42,19.99,1.07,0.77,0.39
SPOT,3.12,491.4,107.19,5.85,2,0.34,0.11,2/14,buy,405.0-716.86,-8.61,31.0,704.1064,649.47,Sell ALL,1.60 million,Communication Services,Internet Content & Information,1.586,515.75,614.75,1.05,0.8,0.13
CDZI,3.19,3.7,114.08,-20.32,1,-0.05,-0.53,1/14,buy,2.87-6.96,1.08,47.0,15.0,12.67,Buy time,1.10 million,Industrials,Pollution & Treatment Controls,1.905,3.8,4.57,1.03,0.81,0.54
ACHR,3.3,5.03,208.48,18.57,0,0.09,0.36,0/14,buy,4.3-14.62,-25.25,66.0,18.0,14.31,Sell ALL,33.45 million,Industrials,Aerospace & Defense,3.234,5.63,6.79,1.12,0.74,0.19
LB,3.3,80.77,13.05,23.53,2,-0.05,-0.18,2/14,hold,43.75-91.69,-10.92,12.0,98.0,93.29,Sell ALL,311.80 thousand,Energy,Oil & Gas E&P,0.101,83.7,101.26,1.04,0.8,0.21
NEOV,3.36,2.52,92.59,45.68,-2,-0.08,-0.94,-2/14,buy,1.36-7.13,-32.54,65.0,15.0,12.38,Buy,2.43 million,Industrials,Electrical Equipment & Parts,1,3.06,3.69,1.21,0.68,1.02
DCTH,3.51,15.41,10.63,46.81,-3,0.22,2.48,-3/14,buy,8.12-17.42,-11.23,12.0,32.0,28.0,Sell ALL,630.35 thousand,Healthcare,Medical Devices,0.566,15.26,19.03,0.99,0.81,0.45
PDEX,3.56,65.36,-71.18,21.72,2,0,0,2/14,buy,23.47-77.0,-0.47,15.0,74.0,74.0,Sell ALL,73.90 thousand,Healthcare,Medical Instruments & Supplies,0.057,64.62,77.12,0.99,0.85,0.26
DSP,3.56,12.73,61.64,-0.5,1,0.0,0.02,1/14,buy,8.11-14.8,2.16,14.000000000000002,24.0,21.75,- Buy time -,303.89 thousand,Technology,Software - Application,1.131,12.77,16.04,1.0,0.79,0.36
TPC,3.68,83.26,134.34,22.85,0,0.55,0.45,0/14,buy,57.9-102.3,-9.62,19.0,125.0,120.62,Sell ALL,664.63 thousand,Industrials,Engineering & Construction,2.063,88.15,106.51,1.06,0.78,0.2
WSM,3.71,233.39,120.02,8.36,1,0.91,0.45,1/14,hold,165.51-254.89,-1.8,8.0,280.0,263.93,Buy time,1.26 million,Consumer Cyclical,Specialty Retail,1.463,234.86,288.05,1.01,0.81,0.4
QUBT,3.78,8.39,304.28,-11.33,0,0.03,0.51,0/14,buy,6.18-25.84,-6.32,68.0,32.0,25.33,Sell ALL,8.76 million,Technology,Computer Hardware,3.772,8.7,10.23,1.04,0.82,0.07
NRGV,3.82,3.89,31.82,12.91,0,-0.03,-0.2,0/14,buy,2.5-6.645,2.31,41.0,8.03,7.12,Sell ALL,4.41 million,Utilities,Utilities - Renewable,1.237,3.84,4.57,0.99,0.85,0.15
IESC,3.83,330.16,165.81,16.13,0,2.12,0.94,0/14,buy,170.065-408.255,-3.74,19.0,440.0,440.0,Buy time,406.24 thousand,Industrials,Engineering & Construction,1.78,340.82,408.61,1.03,0.81,0.11
OPBK,3.88,15.23,58.63,4.12,3,0.16,0.38,3/14,buy,12.41-16.83,-0.46,10.0,18.0,17.88,Buy time,50.19 thousand,Financial Services,Banks - Regional,0.585,15.34,18.61,1.01,0.82,0.24
DXPE,3.95,182.31,37.08,39.14,-1,0.14,0.08,-1/14,buy,84.04-208.0,-4.37,12.0,220.0,210.0,Sell ALL,157.01 thousand,Industrials,Industrial Distribution,1.028,184.35,222.77,1.01,0.82,0.26
DMRC,3.96,6.76,156.38,-0.84,-2,0.02,0.16,-2/14,strongBuy,4.07-17.47,9.02,61.0,15.0,13.25,- Buy time -,204.23 thousand,Technology,Software - Application,2.285,6.68,7.88,0.99,0.86,0.46
XERS,4.0,9.25,23.85,36.04,-4,0.01,14.21,-4/14,buy,5.25-11.33,5.95,18.0,18.0,15.14,Buy time,2.38 million,Healthcare,Drug Manufacturers - Specialty & Generic,0.85,8.61,10.59,0.93,0.87,0.41
PVH,4.04,75.85,186.33,4.67,1,0.81,0.31,1/14,hold,59.6-100.75,-3.44,25.0,128.0,109.42,Sell ALL,942.42 thousand,Consumer Cyclical,Apparel Manufacturing,1.722,79.07,93.84,1.04,0.81,0.13
IONQ,4.08,43.99,265.96,-7.57,0,-1.89,-2.5,0/14,buy,25.89-84.64,-1.98,48.0,100.0,83.32,Sell ALL,22.68 million,Technology,Computer Hardware,3.295,42.55,50.56,0.97,0.87,0.24
GCO,4.09,34.81,173.78,13.51,0,0.94,0.55,0/14,hold,21.93-43.6,-0.75,20.0,45.0,42.33,Buy time,205.08 thousand,Consumer Cyclical,Apparel Retail,1.804,35.96,43.1,1.03,0.81,0.21
GCMG,4.27,13.08,79.45,7.77,3,0.0,0.02,3/14,buy,9.3-14.866,-4.06,12.0,17.0,16.25,Buy time,554.31 thousand,Financial Services,Asset Management,0.843,13.29,16.13,1.02,0.81,0.44
USLM,4.3,111.36,61.35,10.35,4,-0.24,-0.19,4/14,buy,96.27-141.44,-6.76,21.0,132.0,132.0,Sell ALL,158.53 thousand,Basic Materials,Building Materials,0.724,114.77,138.4,1.03,0.8,0.29
AKA,4.31,10.85,99.02,-6.56,-2,0.4,0.98,-2/14,buy,8.42-16.38,-0.45,34.0,30.0,24.88,Sell,2.80 thousand,Consumer Cyclical,Apparel Retail,1.386,11.02,13.46,1.02,0.81,2.5
FNKO,4.34,5.6,151.25,15.18,3,0.64,3.04,3/14,buy,2.72-7.35,-16.07,24.0,8.0,7.75,Buy time,1.26 million,Consumer Cyclical,Leisure,0.949,6.03,7.35,1.08,0.76,0.5
BKR,4.43,55.62,138.79,15.22,3,0.24,0.49,3/14,buy,43.92-70.41,-12.08,21.0,85.0,78.27,Sell ALL,9.29 million,Energy,Oil & Gas Equipment & Services,0.961,59.96,71.43,1.08,0.78,0.14
QTWO,4.51,56.48,129.87,19.72,3,-0.03,-0.04,3/14,buy,40.79-76.24,-13.16,26.0,82.0,79.25,Buy,793.83 thousand,Technology,Software - Application,1.334,60.05,71.65,1.06,0.79,0.14
LFVN,4.52,6.24,72.81,3.08,5,-0.06,-0.37,5/14,buy,3.9-11.71,-6.36,47.0,9.0,8.25,Sell ALL,80.30 thousand,Consumer Defensive,Packaged Foods,0.758,6.5,8.05,1.04,0.78,0.16
KMX,4.68,55.89,101.7,23.98,2,0.8,0.97,2/14,hold,30.26-65.28,-11.16,14.000000000000002,96.0,79.31,Sell ALL,2.70 million,Consumer Cyclical,Auto & Truck Dealerships,1.171,59.47,72.38,1.06,0.77,0.26
ALAB,4.69,356.42,189.07,3.53,-2,0.18,0.29,-2/14,buy,97.89-499.476,20.05,28.999999999999996,500.0,444.98,Sell ALL,4.31 million,Technology,Semiconductors,3.778,335.15,401.29,0.94,0.89,0.09
IAG,4.71,18.34,142.27,32.49,1,0.12,0.21,1/14,buy,10.87-24.87,-15.27,26.0,34.0,29.17,Sell ALL,5.33 million,Basic Materials,Gold,2.341,18.29,21.93,1.0,0.84,0.12
SSYS,4.76,8.53,169.09,14.97,-1,0.03,3.56,-1/14,buy,7.34-12.81,7.39,33.0,12.5,12.25,Buy time,603.68 thousand,Technology,Computer Hardware,1.938,8.3,9.95,0.97,0.86,0.24
ADMA,4.77,9.93,44.81,30.44,-1,-0.02,-0.12,-1/14,buy,7.21-20.458,0.91,51.0,21.0,19.0,Buy time,3.29 million,Healthcare,Biotechnology,0.774,9.47,11.51,0.95,0.86,0.22
WWW,4.82,19.25,136.49,40.68,-1,0.05,0.17,-1/14,buy,13.47-27.73,-8.31,31.0,31.0,27.65,Buy,756.85 thousand,Consumer Cyclical,Footwear & Accessories,1.732,19.28,23.26,1.0,0.83,0.16
BRKR,4.82,61.94,120.73,9.76,2,0.19,0.62,2/14,buy,32.37-66.98,3.92,8.0,80.0,71.04,Sell ALL,2.48 million,Healthcare,Medical Devices,1.262,59.5,71.21,0.96,0.87,0.09
ALLT,4.83,8.4,117.64,2.16,0,0.03,0.59,0/14,buy,6.12-11.92,10.95,30.0,17.0,15.24,Sell ALL,298.23 thousand,Technology,Software - Infrastructure,1.506,8.16,9.92,0.97,0.85,0.31
CVLT,4.9,147.77,114.38,0.69,2,0.45,0.4,2/14,buy,71.75-186.21,9.45,21.0,200.0,180.28,Buy time,666.22 thousand,Technology,Software - Application,0.821,144.0,173.84,0.97,0.85,0.28
RRC,4.91,37.6,39.17,1.01,7,0.36,0.38,7/14,hold,32.68-48.31,-8.94,22.0,57.0,51.54,Sell ALL,3.10 million,Energy,Oil & Gas E&P,0.432,39.84,48.05,1.06,0.78,0.14
HOOD,4.96,111.15,199.52,4.46,1,0.18,0.42,1/14,buy,63.515-153.86,2.72,28.000000000000004,170.0,150.72,Sell ALL,23.94 million,Financial Services,Capital Markets,2.34,109.81,135.3,0.99,0.82,0.4
OOMA,5.02,20.76,103.89,17.43,3,0.05,0.15,3/14,buy,9.793-26.19,-6.07,21.0,30.0,28.4,Sell ALL,402.34 thousand,Technology,Software - Application,1.199,21.61,26.15,1.04,0.79,0.26
FSK,5.09,11.11,81.25,25.67,2,0.0,-0.0,2/14,hold,9.72-16.31,-3.27,32.0,15.0,13.53,Sell ALL,2.35 million,Financial Services,Asset Management,0.906,11.25,13.73,1.01,0.81,0.19
TS,5.12,55.65,41.33,7.59,3,0.33,0.38,3/14,buy,33.65-64.6,5.37,14.000000000000002,80.0,72.19,Buy,1.50 million,Energy,Oil & Gas Equipment & Services,0.469,55.94,69.09,1.01,0.81,0.43
DEC,5.16,13.43,28.63,-7.15,7,0,0,7/14,buy,12.33-18.9,-7.06,28.999999999999996,32.0,26.62,Sell ALL,878.56 thousand,Energy,Oil & Gas Integrated,0.319,14.15,16.95,1.05,0.79,0.07
BILL,5.24,43.78,109.86,22.99,3,0.26,0.42,3/14,buy,31.41-57.21,-9.23,23.0,75.0,66.15,Sell ALL,2.12 million,Technology,Software - Application,1.1,46.45,55.28,1.06,0.79,0.07
NTGR,5.29,22.9,126.82,18.48,0,0.14,1.8,0/14,buy,19.0-36.86,8.21,38.0,36.0,35.5,Buy time,342.12 thousand,Technology,Communication Equipment,1.176,22.86,27.59,1.0,0.83,0.12
CDRO,5.29,9.68,36.83,4.53,2,1,1,2/14,buy,5.18-10.26,5.68,6.0,16.0,14.33,mere Buy (some sold),22.71 thousand,Consumer Cyclical,Gambling,0.442,9.45,11.59,0.98,0.84,1.19
BBVA,5.37,26.87,78.33,12.62,6,0.04,0.06,6/14,strongSell,17.9-29.64,-8.08,9.0,28.58,26.55,Sell ALL,1.46 million,Financial Services,Banks - Diversified,0.89,27.92,33.93,1.04,0.79,0.21
SMFG,5.42,25.28,58.32,7.91,5,0.14,0.89,5/14,buy,15.18-27.62,0.91,8.0,31.51,31.51,Sell ALL,1.62 million,Financial Services,Banks - Diversified,0.388,25.94,31.53,1.03,0.8,0.15
SIBN,5.44,18.41,72.62,18.5,4,0.15,0.88,4/14,buy,11.48-21.89,-8.42,16.0,32.0,28.5,Sell ALL,625.79 thousand,Healthcare,Medical Devices,0.705,18.54,22.41,1.01,0.82,0.3
VUZI,5.52,2.88,95.21,16.96,2,0.03,0.28,2/14,buy,1.97-5.62,-1.91,49.0,6.0,6.0,Sell ALL,953.22 thousand,Technology,Consumer Electronics,1.816,2.71,3.27,0.94,0.88,0.32
HUT,5.52,86.36,381.77,-12.73,-1,0.54,1.44,-1/14,buy,31.67-140.8,6.37,39.0,273.0,215.05,Sell ALL,4.81 million,Financial Services,Capital Markets,5.976,97.63,115.02,1.13,0.75,0.32
CYRX,5.66,17.36,141.65,32.03,0,-0.02,-0.07,0/14,buy,7.61-17.98,1.32,3.0,25.0,22.17,Sell ALL,693.71 thousand,Industrials,Integrated Freight & Logistics,1.896,16.35,19.64,0.94,0.88,0.17
AISP,5.69,2.22,-25.56,5.69,0,-0.04,-3.68,0/14,,1.685-7.2,3.15,69.0,6.5,6.5,- Buy time -,3.28 million,Technology,Software - Infrastructure,0.607,2.17,4.56,0.98,0.49,2.5
GDDY,5.74,96.98,91.28,24.34,2,0.22,0.13,2/14,hold,71.59-139.44,-0.09,30.0,170.0,138.38,== less Sell ALL==,2.02 million,Technology,Software - Infrastructure,0.94,96.11,115.26,0.99,0.84,0.09
DLNG,5.75,3.78,52.8,19.29,4,0.06,0.21,4/14,,3.27-4.45,-2.38,15.0,0.1,0.1,- Buy time -,116.54 thousand,Energy,Oil & Gas Midstream,0.536,3.77,4.8,1.0,0.79,1.75
AEYE,5.81,6.94,82.33,24.8,1,0.02,0.08,1/14,buy,5.31-16.39,-3.75,57.99999999999999,25.0,21.17,Buy,135.42 thousand,Technology,Software - Application,0.888,7.04,8.53,1.01,0.81,0.32
CRESY,5.88,11.36,5.37,12.7,5,1,1,5/14,strongBuy,8.692683-14.21,1.67,20.0,17.0,16.43,Sell ALL,383.57 thousand,Industrials,Conglomerates,1,11.61,14.26,1.02,0.8,0.36
BFLY,5.99,8.53,169.72,41.21,1,0.04,1.07,1/14,buy,1.865-10.05,-11.96,15.0,15.0,13.2,Sell ALL,6.32 million,Healthcare,Medical Devices,2.091,8.37,10.07,0.98,0.85,0.15
BRZE,6.0,25.65,216.13,38.09,2,-0.01,-0.05,2/14,buy,15.26-37.327,-21.09,31.0,50.0,43.65,- Buy time -,2.36 million,Technology,Software - Application,0.88,27.06,32.49,1.05,0.79,0.31
SYM,6.05,43.17,156.75,3.69,3,0.62,5.15,3/14,buy,37.68-87.88,3.1,51.0,85.0,73.93,Sell ALL,1.79 million,Industrials,Specialty Industrial Machinery,1.942,43.02,51.71,1.0,0.83,0.36
NTRP,6.18,1.92,52.13,-1.78,-5,-0.28,-2.24,-5/14,buy,0.9001-5.2,30.47,63.0,8.0,7.46,Sell ALL,130.74 thousand,Consumer Cyclical,Travel Services,1.659,1.78,2.22,0.93,0.86,2.5
JVA,6.33,3.94,120.67,36.82,1,0.05,1.84,1/14,,2.93-5.03,10.41,22.0,0.1,0.1,Sell ALL,41.23 thousand,Consumer Defensive,Packaged Foods,1.448,3.63,4.38,0.92,0.9,0.46
FOXA,6.36,61.28,56.68,23.32,6,0.76,0.66,6/14,buy,48.34-76.39,-11.36,20.0,112.0,94.21,Sell ALL,5.77 million,Communication Services,Entertainment,0.559,62.84,75.07,1.03,0.82,0.13
TECH,6.42,72.4,108.74,5.38,7,-0.0,-0.01,7/14,hold,43.2-72.69,0.11,0.0,73.0,71.75,Sell ALL,3.62 million,Healthcare,Biotechnology,1.275,72.06,87.42,1.0,0.83,0.13
ANGO,6.77,15.12,27.5,35.52,4,0.15,1.4,4/14,buy,9.39-16.29,-4.17,7.000000000000001,24.0,22.0,Sell ALL,497.69 thousand,Healthcare,Medical Instruments & Supplies,0.33,15.08,18.25,1.0,0.83,0.32
THC,6.84,253.97,89.39,58.83,2,2.51,0.59,2/14,buy,157.58-283.05,-10.55,10.0,315.0,299.82,Sell ALL,972.81 thousand,Healthcare,Medical Care Facilities,1.23,248.51,300.66,0.98,0.84,0.1
DKL,6.94,54.47,77.2,15.6,6,0,0,6/14,hold,42.35-61.5,0.62,11.0,61.0,57.08,- Buy time -,124.22 thousand,Energy,Oil & Gas Refining & Marketing,0.413,55.86,69.21,1.03,0.79,0.49
CLS,6.94,373.09,87.03,31.73,-1,0.27,0.12,-1/14,buy,230.24-474.03,20.52,21.0,550.0,511.96,Buy time,2.70 million,Technology,Electronic Components,1.464,333.71,410.73,0.89,0.91,0.29
KN,6.98,38.23,194.38,13.46,2,0.06,0.22,2/14,buy,20.57-42.93,12.84,11.0,48.0,45.88,Buy time,826.00 thousand,Technology,Electronic Components,1.595,37.07,44.71,0.97,0.86,0.29
GH,7.21,174.75,131.52,12.66,6,-0.01,-0.03,6/14,buy,61.0-183.51,2.32,5.0,225.0,211.02,Sell ALL,2.00 million,Healthcare,Diagnostics & Research,1.576,167.41,200.13,0.96,0.87,0.14
INOD,7.28,71.85,271.41,23.43,-1,0.39,1.84,-1/14,buy,34.23-125.14,10.63,43.0,140.0,131.38,Buy time,1.34 million,Technology,Information Technology Services,2.883,65.08,80.34,0.91,0.89,0.29
ALRM,7.41,54.86,108.63,24.65,6,0.17,0.27,6/14,buy,41.49-58.145,-4.83,6.0,85.0,74.0,- Buy time -,420.87 thousand,Technology,Software - Application,0.764,54.97,65.79,1.0,0.83,0.13
ASPN,7.48,5.56,241.58,28.63,-1,-0.04,-0.16,-1/14,buy,2.3-9.348,6.83,41.0,10.0,8.88,Buy time,2.05 million,Basic Materials,Specialty Chemicals,2.969,5.57,7.32,1.0,0.76,0.92
EUDA,7.53,15.91,-67.52,67.71,-5,1,1,-5/14,,5.26-86.0,16.97,81.0,55.0,55.0,Sell ALL,11.57 thousand,Real Estate,Real Estate Services,0.594,15.4,19.45,0.97,0.82,0.82
PRCH,7.62,16.75,292.76,30.82,2,0.14,4.5,2/14,buy,6.36-18.37,-2.03,9.0,25.0,22.89,Buy time,1.60 million,Financial Services,Insurance - Property & Casualty,3.155,15.98,19.35,0.95,0.87,0.1
AMRX,7.62,20.07,100.18,41.07,1,0.17,0.9,1/14,strongBuy,9.56-21.175,10.76,5.0,27.0,24.86,Buy time,2.05 million,Healthcare,Drug Manufacturers - Specialty & Generic,1.242,18.23,22.33,0.91,0.9,0.23
CURV,7.65,2.27,83.53,68.8,-1,0.09,3.59,-1/14,hold,0.939-2.855,2.64,20.0,3.0,2.58,Sell ALL,248.20 thousand,Consumer Cyclical,Apparel Retail,0.838,2.33,2.76,1.03,0.82,0.21
ASAN,7.67,8.93,159.36,56.65,1,0.03,0.48,1/14,hold,5.38-15.48,-7.28,42.0,15.0,12.54,Sell ALL,5.80 million,Technology,Software - Application,0.951,8.81,10.52,0.99,0.85,0.21
URBN,7.94,78.77,117.05,28.99,4,1.26,0.8,4/14,hold,59.54-85.43,5.75,8.0,111.0,100.21,- Buy time -,1.27 million,Consumer Cyclical,Apparel Retail,1.257,76.72,93.95,0.97,0.84,0.25
PROV,8.08,18.25,31.76,15.72,9,-0.01,-0.0,9/14,hold,14.95-18.99,1.48,4.0,19.0,18.75,Sell ALL,9.73 thousand,Financial Services,Banks - Regional,0.321,18.02,22.15,0.99,0.82,0.36
DBX,8.15,34.08,87.7,47.5,4,0.07,0.11,4/14,hold,21.695-38.17,-1.14,11.0,42.0,36.9,- Buy time -,4.60 million,Technology,Software - Infrastructure,0.649,33.29,39.96,0.98,0.85,0.19
GPRK,8.19,10.41,42.08,38.03,4,0.09,0.75,4/14,buy,5.75-13.13,5.96,21.0,12.0,11.43,Sell ALL,705.73 thousand,Energy,Oil & Gas E&P,0.391,10.39,12.86,1.0,0.81,0.68
ETON,8.27,51.98,34.82,103.74,0,0.24,1.26,0/14,buy,14.27-66.37,-22.1,22.0,76.0,73.5,Sell ALL,757.13 thousand,Healthcare,Drug Manufacturers - Specialty & Generic,0.9,51.67,63.6,0.99,0.82,0.57
ATEC,8.3,9.9,54.83,31.89,4,0.0,1.01,4/14,buy,6.82-23.29,4.24,56.99999999999999,24.0,19.89,Sell ALL,2.38 million,Healthcare,Medical Devices,0.849,9.53,11.37,0.96,0.87,0.1
TAYD,8.41,61.11,80.83,17.99,8,-0.26,-0.33,8/14,buy,40.5-90.37,4.24,32.0,70.0,70.0,== less Sell ALL==,47.18 thousand,Industrials,Specialty Industrial Machinery,0.964,59.51,71.52,0.97,0.85,0.19
MXL,8.44,92.12,232.7,33.85,-2,0.06,0.32,-2/14,buy,12.77-128.3,27.69,28.000000000000004,125.0,109.77,Sell,3.36 million,Technology,Semiconductors,3.945,79.64,95.53,0.86,0.96,0.14
MUFG,8.45,22.62,68.19,22.44,8,0.25,1.01,8/14,buy,14.62-24.26,2.56,7.000000000000001,26.53065,24.4,Sell ALL,3.15 million,Financial Services,Banks - Diversified,0.321,22.64,27.3,1.0,0.83,0.15
VIRC,8.55,6.55,39.41,9.66,9,0,0,9/14,hold,5.16-7.61,9.67,14.000000000000002,6.7,6.7,Buy time,29.35 thousand,Consumer Cyclical,Furnishings, Fixtures & Appliances,0.196,6.21,7.42,0.95,0.88,0.34
TH,8.55,20.48,111.34,28.69,4,0.06,0.58,4/14,buy,5.97-21.76,12.84,6.0,27.0,26.1,Sell ALL,1.69 million,Industrials,Specialty Business Services,1.511,18.43,22.14,0.9,0.93,0.22
SONY,8.64,23.49,102.97,29.32,7,0.07,0.15,7/14,buy,19.32-30.34,-1.83,23.0,34.0,32.0,Sell ALL,4.54 million,Technology,Consumer Electronics,0.763,23.09,28.04,0.98,0.84,0.24
PRTH,8.77,7.78,129.17,33.57,0,0.1,0.42,0/14,buy,4.44-7.91,27.89,2.0,8.05,7.87,Sell ALL,618.49 thousand,Technology,Software - Infrastructure,1.55,6.47,7.99,0.83,0.97,0.64
IMPP,8.84,5.27,168.24,30.21,5,-0.02,-0.01,5/14,strongBuy,3.15-6.57,1.33,20.0,9.0,9.0,- Buy time -,454.01 thousand,Energy,Oil & Gas Midstream,1.187,5.11,6.23,0.97,0.85,0.25
UI,8.86,609.64,121.44,37.89,3,0.29,0.08,3/14,strongBuy,500.23-1099.99,8.46,45.0,980.0,857.25,- Buy time -,154.84 thousand,Technology,Communication Equipment,1.316,570.62,713.14,0.94,0.85,0.45
PMTS,8.89,24.64,120.25,57.34,5,-0.02,-0.03,5/14,buy,10.81-31.25,-13.8,21.0,34.0,33.25,Sell ALL,120.02 thousand,Financial Services,Credit Services,0.968,24.77,29.21,1.01,0.84,0.58
FIVE,8.92,221.17,115.58,49.73,6,0.7,0.44,6/14,buy,137.77-263.88,-13.14,16.0,420.0,365.24,Sell ALL,1.17 million,Consumer Cyclical,Specialty Retail,0.989,226.13,270.34,1.02,0.82,0.13
LQDT,8.94,43.64,91.81,31.25,7,0.16,0.47,7/14,strongBuy,21.67-44.53,0.85,2.0,52.0,51.5,Buy time,242.97 thousand,Consumer Cyclical,Internet Retail,1.077,41.92,51.5,0.96,0.85,0.43
SLAB,9.01,222.51,116.1,4.51,11,0.05,0.08,11/14,hold,115.51-222.92,2.03,0.0,231.0,226.93,Buy time,324.70 thousand,Technology,Semiconductors,1.357,219.37,265.48,0.99,0.84,0.28
VIR,9.23,11.29,123.48,31.84,2,-1.76,-3.24,2/14,buy,4.815-11.94,13.37,5.0,30.0,25.39,Buy time,1.99 million,Healthcare,Biotechnology,1.625,10.25,12.39,0.91,0.91,0.29
AI,9.32,11.11,137.46,52.95,3,0.1,0.35,3/14,hold,7.675-20.22,7.29,45.0,12.0,10.15,- Buy time -,5.73 million,Technology,Software - Infrastructure,2.093,10.12,12.11,0.91,0.92,0.2
JXN,9.34,129.48,126.14,55.44,4,0.73,0.13,4/14,hold,89.67-140.9,0.34,8.0,170.0,159.25,Sell ALL,597.63 thousand,Financial Services,Insurance - Life,1.318,128.34,153.53,0.99,0.84,0.13
MRVL,9.39,268.08,258.07,37.6,2,0.01,0.02,2/14,buy,70.69-329.88,11.58,19.0,400.0,345.49,Buy time,22.33 million,Technology,Semiconductors,2.253,233.5,279.52,0.87,0.96,0.07
EFXT,9.5,25.44,194.13,26.14,3,0.1,0.31,3/14,strongBuy,10.57-29.15,20.05,13.0,33.0,31.62,Buy time,675.26 thousand,Energy,Oil & Gas Equipment & Services,2.034,22.73,28.01,0.89,0.91,0.37
ANTX,9.53,5.62,10.85,66.35,4,0.0,-0.01,4/14,buy,1.0-7.19,-3.38,22.0,9.0,9.0,Buy,197.02 thousand,Healthcare,Biotechnology,1,5.43,6.59,0.97,0.85,0.61
INTA,9.67,37.59,137.57,86.04,2,0.06,0.16,2/14,hold,19.01-47.93,-10.0,22.0,47.0,43.64,- Buy time -,693.83 thousand,Technology,Software - Application,0.45,35.76,42.11,0.95,0.89,0.21
BE,9.71,277.58,302.96,28.29,0,0.68,3.34,0/14,hold,75.7-351.28,27.43,21.0,390.0,336.41,Sell ALL,13.38 million,Industrials,Electrical Equipment & Parts,3.811,249.91,300.07,0.9,0.93,0.11
NVDA,9.71,230.86,217.09,42.81,2,0.23,0.12,2/14,buy,164.27-236.54,7.1,2.0,515.0,421.35,Buy time,130.30 million,Technology,Semiconductors,2.217,215.69,260.29,0.93,0.89,0.11
XMTR,9.75,104.23,206.7,36.99,2,0.03,0.28,2/14,buy,35.86-107.93,19.8,3.0,126.0,119.05,Buy time,809.93 thousand,Industrials,Industrial Distribution,1.32,94.65,116.28,0.91,0.9,0.29
TARS,9.78,75.46,177.42,39.99,5,0.03,-0.57,5/14,buy,53.89-91.53,3.66,18.0,116.0,107.75,Sell ALL,1.07 million,Healthcare,Biotechnology,0.541,70.88,87.17,0.94,0.87,0.21
RGEN,9.79,177.23,98.65,60.29,5,0.18,0.43,5/14,buy,100.99-198.87,-2.2,11.0,225.0,207.35,Sell ALL,1.24 million,Healthcare,Medical Instruments & Supplies,1.048,165.58,201.67,0.93,0.88,0.22
SHOP,10.03,149.09,278.77,58.8,2,0.05,0.14,2/14,buy,94.0-182.19,-0.11,18.0,220.0,196.39,Buy time,8.76 million,Technology,Software - Application,2.616,138.55,170.31,0.93,0.88,0.15
SLNG,10.03,4.83,57.32,44.58,6,-0.48,-26.0,6/14,buy,3.21-7.07,-15.53,32.0,9.0,9.0,Sell ALL,56.85 thousand,Energy,Oil & Gas Integrated,1,5.15,6.55,1.07,0.74,2.5
WEAV,10.05,7.38,148.73,57.07,5,0.01,0.48,5/14,hold,4.24-7.7,1.22,4.0,7.4,7.4,Buy time,1.94 million,Healthcare,Health Information Services,1.686,7.01,8.47,0.95,0.87,0.17
SN,10.06,179.78,171.19,47.52,6,0.2,0.19,6/14,buy,83.12-194.54,-0.55,8.0,240.0,224.78,Buy time,1.76 million,Consumer Cyclical,Furnishings, Fixtures & Appliances,1.198,172.57,205.81,0.96,0.87,0.08
WBD,10.1,30.95,139.67,38.1,6,-0.91,-10.08,6/14,hold,17.08-30.97,7.75,0.0,31.25,30.71,Buy time,29.82 million,Communication Services,Entertainment,1.571,27.94,34.52,0.9,0.9,0.54
ECOR,10.4,10.31,35.35,68.43,3,0.11,0.25,3/14,buy,4.41-12.7,-1.99,19.0,26.0,22.59,Sell ALL,85.94 thousand,Healthcare,Medical Devices,1.006,8.99,10.68,0.87,0.97,0.56
PTC,10.45,146.47,165.22,47.87,7,0.61,0.29,7/14,buy,108.5-206.82,-5.61,28.999999999999996,230.0,202.11,Buy time,1.57 million,Technology,Software - Application,1.002,139.43,166.7,0.95,0.88,0.28
WK,10.58,69.63,186.95,76.38,3,0.26,0.39,3/14,buy,43.34-97.095,-7.47,28.000000000000004,105.0,97.4,Sell ALL,912.28 thousand,Technology,Software - Application,0.487,66.62,79.51,0.96,0.88,0.36
EXFY,10.61,2.37,247.27,86.5,2,0.04,1.7,2/14,hold,0.691-2.81,-11.39,16.0,3.0,2.92,- Buy time -,874.14 thousand,Technology,Software - Application,1.733,2.22,2.68,0.94,0.88,0.25
PSIX,10.85,45.4,148.9,67.41,0,0.35,1.58,0/14,buy,25.28-106.5,19.76,56.99999999999999,76.0,72.9,Sell ALL,378.63 thousand,Industrials,Specialty Industrial Machinery,2.111,38.37,46.15,0.85,0.98,0.07
HNST,10.94,5.02,186.75,77.01,1,0.09,6.13,1/14,buy,2.07-6.01,-0.6,16.0,5.7,5.45,Sell ALL,3.15 million,Consumer Defensive,Household & Personal Products,2.241,4.95,6.47,0.99,0.78,1.35
OSPN,11.07,18.04,164.98,55.64,4,0.11,0.43,4/14,buy,10.07-18.48,12.8,2.0,22.0,20.0,- Buy time -,456.70 thousand,Technology,Software - Infrastructure,1.567,16.28,19.74,0.9,0.91,0.16
FTNT,11.38,178.72,134.71,34.3,8,0.35,0.53,8/14,hold,73.55-181.37,14.11,1.0,220.0,192.16,Buy time,4.60 million,Technology,Software - Infrastructure,1.059,164.87,197.37,0.92,0.91,0.13
AVAH,11.57,12.43,192.62,95.03,2,0.1,0.74,2/14,buy,5.93-14.71,-5.87,15.0,16.0,15.3,- Buy time -,3.35 million,Healthcare,Medical Care Facilities,1.974,11.6,14.35,0.93,0.87,0.36
BLFS,11.75,36.78,238.36,66.8,5,0.05,2.01,5/14,hold,17.86-39.76,-0.87,7.000000000000001,33.0,32.14,Sell ALL,1.61 million,Healthcare,Medical Instruments & Supplies,1.916,34.33,43.65,0.93,0.84,0.6
ANET,11.85,204.49,195.86,60.55,5,0.19,0.23,5/14,buy,114.52-214.89,7.75,5.0,289.0,265.6,Sell ALL,6.54 million,Technology,Computer Hardware,1.617,189.75,226.04,0.93,0.9,0.1
MGNI,11.87,25.44,205.2,60.13,4,0.02,0.22,4/14,buy,10.82-26.84,7.63,5.0,43.0,36.33,Buy time,2.68 million,Communication Services,Advertising Agencies,2.293,22.88,28.58,0.9,0.89,0.35
FLXS,12.16,86.46,84.05,43.94,11,0.57,0.68,11/14,buy,34.0-90.65,6.14,5.0,80.0,79.75,== less Sell ALL==,75.59 thousand,Consumer Cyclical,Furnishings, Fixtures & Appliances,0.586,79.95,97.54,0.92,0.89,0.15
RXRX,12.16,4.07,124.9,28.33,8,0.02,0.08,8/14,hold,2.77-7.18,14.0,43.0,10.0,8.61,Buy time,19.75 million,Healthcare,Biotechnology,1.071,3.52,4.3,0.86,0.95,0.27
NEO,12.2,17.78,214.57,43.32,7,0.03,8.5,7/14,buy,7.07-20.05,4.5,11.0,35.0,27.36,Sell ALL,2.85 million,Healthcare,Diagnostics & Research,1.748,16.81,20.8,0.95,0.85,0.4
SNOW,12.25,341.99,164.69,67.25,6,0.24,0.61,6/14,buy,118.3-384.56,2.69,11.0,525.0,475.07,Buy time,4.83 million,Technology,Software - Application,1.328,312.03,378.12,0.91,0.9,0.13
ADPT,12.49,27.37,245.56,64.64,5,-0.09,-0.67,5/14,buy,12.0-29.96,5.04,9.0,35.0,31.66,Sell ALL,2.78 million,Healthcare,Diagnostics & Research,2.096,25.2,30.68,0.92,0.89,0.39
AZTA,12.55,34.48,206.09,73.89,8,-0.12,-0.69,8/14,hold,15.93-41.73,-8.47,17.0,37.0,36.12,Buy time,720.48 thousand,Healthcare,Medical Instruments & Supplies,1.394,31.35,37.66,0.91,0.92,0.17
RVSB,12.58,6.03,56.57,27.01,11,-0.01,-0.26,11/14,strongBuy,4.88-6.22,14.76,3.0,7.0,7.0,Buy time,77.78 thousand,Financial Services,Banks - Regional,0.47,5.48,6.7,0.91,0.9,0.98
PI,12.62,183.87,164.91,72.18,5,0.05,0.01,5/14,buy,87.36-247.064,9.97,26.0,220.0,200.44,Buy time,381.83 thousand,Technology,Semiconductors,1.919,163.56,197.88,0.89,0.93,0.16
FSLY,12.7,26.39,105.95,100.95,2,0.12,1.77,2/14,hold,7.735-34.82,5.46,24.0,37.0,32.45,Buy time,6.38 million,Technology,Software - Application,0.358,23.61,28.28,0.89,0.93,0.39
CAKE,12.85,107.95,131.35,81.26,8,0.3,0.25,8/14,hold,43.07-118.46,-4.98,9.0,117.0,106.46,Buy time,1.76 million,Consumer Cyclical,Restaurants,1.009,100.51,119.71,0.93,0.9,0.14
FPI,13.01,11.49,95.18,41.8,11,-0.04,-1.37,11/14,hold,9.21-13.225,12.28,13.0,10.5,10.5,Buy time,659.40 thousand,Real Estate,REIT - Specialty,0.706,10.2,12.71,0.89,0.9,0.39
HBB,13.06,37.12,4.24,129.79,1,-0.46,-0.47,1/14,,13.75-39.99,11.72,7.000000000000001,0.1,0.1,Sell ALL,72.25 thousand,Consumer Cyclical,Furnishings, Fixtures & Appliances,0.29,29.78,36.27,0.8,1.02,0.55
BRLT,13.21,1.39,161.96,51.13,7,0.02,8.25,7/14,hold,1.0-2.9,4.32,52.0,2.0,1.79,- Buy time -,109.70 thousand,Consumer Cyclical,Luxury Goods,1.418,1.32,1.7,0.95,0.82,1.8
ALNT,13.28,115.95,140.34,85.93,3,0.16,0.25,3/14,buy,41.75-118.67,17.34,2.0,130.0,124.0,Sell ALL,305.70 thousand,Technology,Electronic Components,1.619,100.15,121.13,0.86,0.96,0.25
RBOT,13.74,0.09,-204.67,169.02,-11,0.14,-0.03,-11/14,,0.02-7.725,54.55,99.0,0.1,0.1,Sell ALL,48.01 thousand,Healthcare,Medical Devices,1.864,0.1,0.13,1.11,0.69,0.48
STIM,13.81,2.22,97.42,138.58,1,0.11,0.8,1/14,buy,0.8-3.44,-35.14,35.0,7.0,6.38,Sell ALL,3.12 million,Healthcare,Medical Devices,1.169,2.49,3.57,1.12,0.62,2.5
EXOD,13.81,6.9,275.1,113.66,1,0.02,-0.37,1/14,buy,4.57-32.21,-8.7,79.0,15.0,13.35,Sell ALL,71.79 thousand,Technology,Software - Infrastructure,3.029,6.54,8.11,0.95,0.85,0.33
CRDL,14.01,1.56,58.09,112.49,6,0.04,0.37,6/14,buy,0.88-2.34,-19.23,33.0,10.742517,9.56,Sell ALL,1.23 million,Healthcare,Drug Manufacturers - Specialty & Generic,0.606,1.62,2.0,1.04,0.78,0.62
MLAB,14.28,129.3,135.95,52.15,13,-0.81,-0.18,13/14,hold,66.56-138.66,3.63,7.000000000000001,125.0,125.0,Sell ALL,167.63 thousand,Technology,Scientific & Technical Instruments,0.965,116.26,138.85,0.9,0.93,0.28
LINK,14.42,5.96,144.57,85.72,7,0,0,7/14,,2.66-9.326667,14.85,36.0,0.1,0.1,Buy time,26.29 thousand,Technology,Electronic Components,1.061,5.22,6.46,0.88,0.92,0.56
GDYN,14.53,8.38,149.61,82.04,8,0.01,0.12,8/14,buy,5.11-10.21,4.53,18.0,12.0,10.6,- Buy time -,1.47 million,Technology,Information Technology Services,0.893,7.38,8.77,0.88,0.96,0.15
TKNO,14.74,8.86,44.3,123.8,1,0.03,0.45,1/14,buy,1.91-9.48,16.93,7.000000000000001,12.0,10.5,Sell ALL,209.57 thousand,Healthcare,Drug Manufacturers - Specialty & Generic,0.731,6.88,8.52,0.78,1.04,0.4
DK,14.94,74.34,177.61,92.41,7,4.54,2.13,7/14,buy,25.85-82.27,3.86,10.0,90.0,82.29,Buy,2.09 million,Energy,Oil & Gas Refining & Marketing,0.569,67.79,82.33,0.91,0.9,0.3
ELF,15.15,104.09,259.87,76.77,9,1.06,1.56,9/14,buy,48.82-147.75,2.07,30.0,127.0,115.09,Buy time,2.39 million,Consumer Defensive,Household & Personal Products,1.595,93.82,113.67,0.9,0.92,0.14
SMTC,15.24,186.59,161.91,90.08,1,0.16,0.28,1/14,buy,60.28-190.64,33.5,2.0,300.0,255.17,Buy time,3.18 million,Technology,Semiconductors,2.353,146.45,181.71,0.78,1.03,0.43
PLTR,15.55,190.04,252.72,98.11,6,0.11,0.37,6/14,buy,106.37-207.52,5.31,8.0,255.0,225.28,Buy time,36.16 million,Technology,Software - Infrastructure,1.621,163.41,196.21,0.86,0.97,0.02
TWLO,15.62,301.27,159.16,101.39,3,0.38,0.29,3/14,buy,99.225-305.875,25.22,2.0,330.0,296.52,Buy time,2.57 million,Technology,Software - Infrastructure,1.405,233.3,286.46,0.77,1.05,0.28
DHX,15.98,4.77,221.58,64.55,8,0.09,2.84,8/14,buy,1.44-5.19,12.16,8.0,10.0,8.38,Buy time,203.96 thousand,Technology,Software - Application,1.197,4.34,5.2,0.91,0.92,0.83
LITE,16.07,1045.78,273.97,97.15,4,0.36,0.13,4/14,buy,147.81-1085.68,17.12,4.0,1400.0,1279.7,Buy time,4.66 million,Technology,Communication Equipment,1.541,878.57,1066.86,0.84,0.98,0.17
NTRA,16.07,408.47,166.78,96.0,6,0.01,0.03,6/14,buy,160.59-427.468,18.71,4.0,460.0,407.97,Sell ALL,1.44 million,Healthcare,Diagnostics & Research,1.534,320.78,392.33,0.79,1.04,0.17
FTK,16.2,29.79,150.81,118.72,2,0.16,1.37,2/14,buy,13.19-39.67,17.19,25.0,44.0,41.46,Buy time,570.92 thousand,Energy,Oil & Gas Equipment & Services,1.469,28.3,35.92,0.95,0.83,0.61
PARR,16.26,86.21,202.18,101.72,7,1.74,0.03,7/14,buy,33.21-87.72,8.33,2.0,104.0,94.93,- Buy time -,1.04 million,Energy,Oil & Gas Refining & Marketing,0.773,77.33,92.93,0.9,0.93,0.13
NET,16.51,351.0,237.2,89.92,7,0.04,0.15,7/14,buy,158.83-367.43,16.48,4.0,400.0,368.4,Buy time,3.86 million,Technology,Software - Infrastructure,1.664,301.71,369.71,0.86,0.95,0.16
ZETA,16.52,32.4,166.79,114.48,5,0.13,0.79,5/14,buy,14.365-32.81,10.28,1.0,44.0,37.82,- Buy time -,9.05 million,Technology,Software - Infrastructure,1.436,27.14,33.03,0.84,0.98,0.39
ACVA,16.98,10.45,161.3,102.0,2,0.02,0.52,2/14,hold,4.065-10.5,28.9,0.0,13.0,11.55,Sell ALL,7.50 million,Consumer Cyclical,Auto & Truck Dealerships,1.832,8.28,11.03,0.79,0.95,1.55
AMPL,17.27,14.3,267.01,125.59,4,-0.01,-1.45,4/14,buy,5.51-14.76,7.06,3.0,18.0,16.27,- Buy time -,2.29 million,Technology,Software - Application,1.502,11.83,14.32,0.83,1.0,0.35
CLMB,17.29,33.06,151.2,78.96,12,-0.07,-0.26,12/14,buy,15.25-36.255,14.46,9.0,34.0,33.17,Buy time,166.04 thousand,Technology,Electronics & Computer Distribution,1.078,28.07,33.97,0.85,0.97,0.21
CANG,17.53,2.55,183.33,82.6,4,0.16,0.18,4/14,buy,1.36-24.6,16.08,90.0,8.5,7.38,Buy time,759.09 thousand,Financial Services,Capital Markets,1,2.14,3.25,0.84,0.78,2.5
PRTS,18.44,8.41,177.48,89.74,5,0.17,-3.54,5/14,buy,3.7-10.98,21.76,23.0,15.0,12.93,Sell ALL,58.52 thousand,Consumer Cyclical,Auto Parts,0.708,7.06,8.85,0.84,0.95,2.5
CTOR,18.8,0.98,205.6,111.63,1,-0.27,-26.14,1/14,strongBuy,0.491-2.25,24.08,56.00000000000001,4.0,4.0,Sell ALL,61.60 thousand,Healthcare,Drug Manufacturers - Specialty & Generic,3.532,0.81,1.07,0.83,0.92,1.93
OKTA,18.8,212.63,140.42,107.36,6,0.15,0.16,6/14,buy,62.66-213.86,36.44,1.0,250.0,231.12,Buy time,3.72 million,Technology,Software - Infrastructure,0.789,162.41,195.81,0.76,1.09,0.13
ANF,19.83,136.36,94.87,105.47,10,2.4,1.28,10/14,buy,65.45-155.22,20.06,12.0,185.0,174.27,Buy time,2.44 million,Consumer Cyclical,Apparel Retail,0.966,120.71,157.34,0.89,0.87,1.23
EMBC,20.26,5.79,127.6,145.74,9,0.15,0.76,9/14,hold,2.77-14.91,9.85,61.0,5.0,4.5,Sell ALL,1.48 million,Healthcare,Medical Instruments & Supplies,0.85,4.55,5.53,0.79,1.05,0.29
JILL,20.76,24.4,196.51,96.6,14,0.77,2.0,14/14,hold,10.405-25.0,17.48,2.0,25.0,24.38,Sell ALL,134.22 thousand,Consumer Cyclical,Apparel Retail,0.861,19.91,25.2,0.82,0.97,0.4
CDNA,27.69,66.23,322.63,215.59,5,0.35,2.21,5/14,buy,13.95-67.2896,26.6,2.0,74.0,66.42,Buy time,1.36 million,Healthcare,Diagnostics & Research,2.43,47.02,59.66,0.71,1.11,0.28
YPF,6.15,49.27,78.18,28.02,3,0.46,0.21,3/14,buy,23.37-57.87,-3.88,15.0,78.0,69.69,Sell ALL,1.33 million,Energy,Oil & Gas Integrated,1,51.73,63.08,1.05,0.78,0.38
TMDX,6.3,78.64,255.24,35.69,3,-0.35,-0.58,3/14,buy,60.105-156.0,-20.51,50.0,125.0,111.15,Sell ALL,824.33 thousand,Healthcare,Medical Devices,1.884,82.99,99.64,1.06,0.79,0.19
UFCS,6.51,53.94,43.54,2.07,8,0.94,1.27,8/14,strongBuy,29.85-56.74,2.06,5.0,60.0,59.25,- Buy time -,158.45 thousand,Financial Services,Insurance - Property & Casualty,0.514,53.85,64.98,1.0,0.83,0.21
ARHS,7.68,9.87,95.89,50.44,1,0.12,0.93,1/14,hold,5.57-12.08,4.91,18.0,13.0,11.77,Buy time,1.53 million,Consumer Cyclical,Specialty Retail,2.321,8.93,10.95,0.9,0.9,0.27
SEI,8.24,71.38,44.95,30.56,1,0.26,0.94,1/14,buy,38.499-86.19,25.5,17.0,120.0,110.64,Buy time,2.77 million,Energy,Oil & Gas Equipment & Services,1.262,63.02,74.71,0.88,0.96,0.19
KOPN,8.41,4.61,263.58,51.29,0,0.02,1.0,0/14,buy,1.81-6.61,-9.33,30.0,12.0,10.21,Sell ALL,4.77 million,Technology,Electronic Components,3.573,4.54,5.6,0.98,0.82,0.31
HRMY,8.52,39.57,155.19,17.48,6,0.2,0.15,6/14,buy,25.52-43.49,3.59,9.0,70.0,58.82,Sell ALL,822.03 thousand,Healthcare,Biotechnology,0.925,39.1,46.91,0.99,0.84,0.22
GO,9.55,11.77,76.09,34.74,8,0.11,1.81,8/14,hold,5.655-16.99,1.44,31.0,15.0,12.96,- Buy time -,2.65 million,Consumer Defensive,Grocery Stores,0.721,10.91,13.16,0.93,0.89,0.21
DMAC,9.68,8.35,108.49,28.49,2,0.01,0.02,2/14,buy,5.245-10.4195,21.92,20.0,25.0,20.25,Buy time,179.87 thousand,Healthcare,Biotechnology,0.968,7.26,8.7,0.87,0.96,0.17
AVPT,10.27,14.08,178.58,53.11,3,0.07,0.82,3/14,buy,8.835-15.58,5.04,10.0,26.0,21.4,- Buy time -,2.42 million,Technology,Software - Infrastructure,1.186,13.26,16.16,0.94,0.87,0.25
PEGA,10.32,34.43,137.37,34.93,7,-0.31,-0.53,7/14,hold,25.1-68.1,2.61,49.0,55.0,47.5,Buy time,3.27 million,Technology,Software - Application,0.89,33.51,40.87,0.97,0.84,0.49
MEOH,10.46,58.55,104.34,66.33,5,-0.26,-0.32,5/14,buy,32.0-66.75,-2.35,12.0,80.0,75.0,Sell ALL,1.06 million,Basic Materials,Chemicals,0.872,56.76,68.21,0.97,0.86,0.26
SONO,11.06,17.75,214.09,66.75,2,0.04,-2.65,2/14,buy,12.44-19.82,10.82,10.0,21.0,19.81,Sell ALL,1.93 million,Technology,Consumer Electronics,1.935,15.71,19.17,0.89,0.93,0.16
SMWB,11.51,8.16,237.7,75.4,3,0.02,0.38,3/14,hold,2.22-9.52,-0.98,14.000000000000002,12.0,11.42,- Buy time -,730.17 thousand,Technology,Software - Application,1.208,7.75,9.28,0.95,0.88,0.2
MDXG,11.79,4.64,181.02,38.24,8,-0.03,-0.83,8/14,buy,3.03-7.97,6.68,42.0,8.0,7.7,Sell ALL,1.24 million,Healthcare,Biotechnology,1.424,4.45,5.35,0.96,0.87,0.16
LFCR,12.04,6.53,26.31,87.46,-3,-0.11,-0.34,-3/14,hold,3.63-8.98,30.47,27.0,6.28,6.28,Buy time,245.64 thousand,Healthcare,Drug Manufacturers - Specialty & Generic,1.085,4.87,6.3,0.75,1.04,1.86
A,13.08,166.68,149.06,60.6,9,0.21,0.15,9/14,buy,108.35-177.05,4.61,6.0,190.0,182.6,Sell ALL,2.54 million,Healthcare,Diagnostics & Research,1.241,148.83,178.87,0.89,0.93,0.18
TASK,16.7,8.26,182.2,134.01,3,0.06,0.21,3/14,hold,4.465-17.54,3.15,53.0,12.0,10.25,Buy time,819.54 thousand,Technology,Information Technology Services,1.923,7.24,9.59,0.88,0.86,0.67
QNCX,17.37,30.68,156.09,173.41,0,109.83,2.13,0/14,buy,15.1-910.0,-10.59,97.0,98.0,86.71,Sell ALL,26.20 thousand,Healthcare,Biotechnology,1.309,27.04,32.22,0.88,0.95,0.43
ESTC,19.58,92.31,193.88,121.68,10,0.17,0.28,10/14,buy,42.05-108.0,6.9,15.0,130.0,120.35,Buy time,2.00 million,Technology,Software - Application,1.037,77.5,94.76,0.84,0.97,0.22
SRFM,19.85,1.13,186.9,154.82,-3,-0.04,-0.51,-3/14,buy,0.456-6.171,36.28,82.0,12.0,8.46,- +Buy time -,6.55 million,Industrials,Airlines,2.822,0.87,1.23,0.77,0.92,0.42
MSTR,20.13,160.5,324.02,119.82,3,-50.44,-10.45,3/14,buy,81.81-365.21,25.7,56.00000000000001,435.0,332.43,Buy time,21.38 million,Technology,Software - Application,3.597,119.68,151.28,0.75,1.06,0.23
PAYS,20.53,14.36,161.18,148.21,9,0.02,0.19,9/14,buy,3.08-14.93,1.88,4.0,15.0,14.55,Buy time,1.07 million,Technology,Software - Infrastructure,0.801,11.83,14.57,0.82,0.99,0.79
VSTM,21.05,7.9,123.52,142.09,8,0.18,0.38,8/14,buy,3.43-10.82,12.78,27.0,18.0,16.33,Buy time,2.22 million,Healthcare,Biotechnology,0.321,6.78,7.92,0.86,1.0,0.21
HPE,21.22,64.58,231.74,108.75,12,0.43,0.66,12/14,buy,19.84-67.101,17.44,4.0,92.0,81.56,Buy time,18.82 million,Technology,Communication Equipment,1.442,53.74,65.45,0.83,0.99,0.25
RNXT,21.35,1.55,96.88,140.22,7,0.02,0.29,7/14,buy,0.701-2.59,14.84,40.0,14.5,10.81,Sell ALL,785.50 thousand,Healthcare,Biotechnology,1.121,1.36,1.66,0.88,0.93,0.9
GRAL,25.31,132.56,262.87,192.25,2,1.68,0.75,2/14,hold,41.5-151.457,40.0,12.0,150.0,123.7,Buy time,917.16 thousand,Healthcare,Diagnostics & Research,3.254,84.46,113.44,0.64,1.17,0.44
KOD,44.44,98.46,162.98,437.23,-3,-0.02,-0.03,-3/14,buy,10.94-104.0,61.07,5.0,145.0,130.83,- Buy time -,1.32 million,Healthcare,Biotechnology,2.18,44.43,64.5,0.45,1.53,0.49
