REAL,0.01,9.4,210.33,-20.87,-2,0.01,0.76,-2/14,buy,8.05-17.392,-16.49,46.0,20.0,19.0,Buy,3.61 million,Consumer Cyclical,Luxury Goods,2.814,10.84,12.96,1.15,0.73,0.3
YPF,0.11,49.48,-15.87,10.3,-2,0.46,0.21,-2/14,buy,23.37-57.87,-2.02,14.000000000000002,78.0,69.69,Buy,1.45 million,Energy,Oil & Gas Integrated,1,52.3,64.27,1.06,0.77,0.13
CAT,0.18,813.83,86.21,-32.35,-1,2.87,0.51,-1/14,buy,489.34-1073.46,-0.39,24.0,1155.0,1062.9,Sell ALL,2.68 million,Industrials,Farm & Heavy Construction Machinery,1.58,862.75,1027.21,1.06,0.79,0.15
RGTI,0.36,14.59,74.61,-22.04,-1,-0.0,-0.01,-1/14,buy,12.53-58.15,-12.68,75.0,40.0,34.26,Sell ALL,18.16 million,Technology,Computer Hardware,2.027,16.5,19.63,1.13,0.74,0.11
RDDT,0.62,152.71,167.85,-48.75,-2,0.74,1.09,-2/14,buy,119.27-263.5,-0.81,42.0,300.0,256.85,- Buy time -,6.31 million,Communication Services,Internet Content & Information,2.053,168.36,207.58,1.1,0.74,0.87
CRDO,0.93,220.01,265.94,-6.36,-2,0.16,0.15,-2/14,buy,86.485-308.67,-9.2,28.999999999999996,315.0,297.05,Buy time,7.33 million,Technology,Semiconductors,3.249,228.05,269.16,1.04,0.82,0.16
^GSPC,1.19,7801.77,82.0,10.07,0,1,1,0/14,,6316.91-7844.52,0.91,1.0,0.1,0.1,- Buy time -,5.18 billion,N/A,N/A,1,7663.79,9219.27,0.98,0.85,0.04
IESC,1.2,308.83,116.51,27.81,-2,2.12,0.94,-2/14,buy,170.065-408.255,-8.04,24.0,440.0,440.0,Sell ALL,330.52 thousand,Industrials,Engineering & Construction,1.767,343.06,415.55,1.11,0.74,0.25
USLM,1.28,110.27,65.54,30.42,-1,-0.24,-0.19,-1/14,buy,96.27-141.44,-8.52,22.0,132.0,132.0,Sell ALL,158.87 thousand,Basic Materials,Building Materials,0.654,114.66,136.82,1.04,0.81,0.09
BYRN,1.38,4.05,5.84,-56.45,-1,0.1,1.02,-1/14,hold,3.17-30.62,11.11,87.0,12.0,9.42,Buy,667.69 thousand,Industrials,Aerospace & Defense,1.688,4.18,5.03,1.03,0.81,0.55
APLD,1.58,23.81,456.29,-49.97,-2,0.53,2.64,-2/14,buy,19.005-50.725,-15.25,53.0,93.0,79.18,Sell ALL,21.20 million,Technology,Information Technology Services,5.997,28.69,33.67,1.2,0.71,0.36
VST,1.71,166.72,103.68,25.44,-5,0.1,-0.01,-5/14,buy,132.66-217.1,16.28,23.0,305.0,257.62,- Buy time -,5.99 million,Utilities,Utilities - Independent Power Producers,1.384,150.36,187.51,0.9,0.89,0.53
CVNA,1.74,62.76,233.73,-8.82,0,0.08,0.22,0/14,buy,54.464-97.378,-18.05,36.0,120.0,101.14,mere Sell (some bought),8.24 million,Consumer Cyclical,Auto & Truck Dealerships,3.548,69.21,82.13,1.1,0.76,0.1
LFVN,1.97,6.0,64.02,-6.38,1,-0.06,-0.37,1/14,buy,3.9-11.71,-6.65,49.0,9.0,8.25,Sell ALL,85.01 thousand,Consumer Defensive,Packaged Foods,0.713,6.47,7.91,1.08,0.76,0.04
QTWO,2.19,57.63,124.45,27.95,0,-0.03,-0.04,0/14,buy,40.79-76.24,-13.97,24.0,82.0,79.25,- Buy time -,719.97 thousand,Technology,Software - Application,1.343,60.31,72.51,1.05,0.79,0.13
^IXIC,2.45,27538.69,71.85,15.48,1,1,1,1/14,,20690.25-27722.75,3.62,1.0,0.1,0.1,- Buy time -,8.35 billion,N/A,N/A,1,26426.39,31799.69,0.96,0.87,0.08
DAVE,2.54,344.82,373.79,-9.5,-1,0.84,0.26,-1/14,buy,152.21-458.25,-8.47,25.0,500.0,472.11,Buy,439.88 thousand,Technology,Software - Application,3.931,371.38,441.28,1.08,0.78,0.09
QUBT,2.64,7.62,258.73,-22.92,0,0.03,0.51,0/14,buy,6.18-23.79,-13.52,68.0,32.0,25.33,Sell ALL,7.82 million,Technology,Computer Hardware,3.746,8.58,10.15,1.13,0.75,0.18
WGS,2.65,68.53,142.0,32.89,2,-0.06,-13.02,2/14,buy,32.21-170.87,-30.22,60.0,103.0,98.25,Sell ALL,655.09 thousand,Healthcare,Diagnostics & Research,1.969,80.48,98.0,1.17,0.7,0.19
RDW,2.79,10.24,167.51,29.31,-1,0.09,0.59,-1/14,buy,4.87-26.64,-10.06,62.0,20.0,17.34,Sell ALL,15.91 million,Industrials,Aerospace & Defense,3.134,11.35,13.66,1.11,0.75,0.22
PDEX,3.06,62.8,31.64,20.18,1,0,0,1/14,buy,23.47-77.0,-3.28,18.0,74.0,74.0,Sell ALL,92.07 thousand,Healthcare,Medical Instruments & Supplies,0.044,65.61,77.6,1.04,0.81,0.37
NPI.TO,3.2,22.06,47.34,6.23,0,-0.27,0.04,0/14,hold,15.96-25.99,4.53,15.0,43.0,34.81,Sell ALL,1.00 million,Utilities,Utilities - Renewable,0.534,21.75,26.26,0.99,0.84,0.16
TSSI,3.32,10.34,122.78,-1.09,-2,-0.02,-0.28,-2/14,strongBuy,6.87-21.77,18.47,53.0,20.0,18.25,Buy time,773.41 thousand,Technology,Information Technology Services,1.98,10.07,11.92,0.97,0.87,0.18
GEV,3.35,997.09,109.87,-11.82,1,14.73,7.49,1/14,buy,530.16-1195.94,4.34,17.0,1450.0,1340.17,Buy time,2.65 million,Industrials,Specialty Industrial Machinery,0.967,1011.47,1203.53,1.01,0.83,0.17
INOD,3.86,63.42,207.11,-8.7,-1,0.39,1.84,-1/14,buy,34.23-125.14,6.6,49.0,140.0,131.38,== less Sell ALL==,1.48 million,Technology,Information Technology Services,2.982,64.53,80.07,1.02,0.79,0.43
EXOD,4.17,6.5,258.59,102.09,0,0.02,-0.37,0/14,buy,4.57-32.21,-42.92,80.0,15.0,13.35,Sell ALL,77.98 thousand,Technology,Software - Infrastructure,3.036,6.63,8.51,1.02,0.76,0.29
IREN,4.31,38.69,273.1,-4.47,0,0.3,0.83,0/14,buy,28.93-76.87,-4.76,50.0,139.0,108.57,Sell ALL,42.41 million,Financial Services,Capital Markets,4.271,42.57,51.01,1.1,0.76,0.13
TLN,4.34,378.32,263.78,18.72,-3,-0.9,-0.27,-3/14,buy,279.77-449.841,19.49,16.0,560.0,507.82,Buy time,985.36 thousand,Utilities,Utilities - Independent Power Producers,1.617,343.88,419.04,0.91,0.9,0.47
IONQ,4.38,41.34,263.35,-1.17,0,-1.89,-2.5,0/14,buy,25.89-84.64,-2.71,51.0,100.0,83.32,Sell ALL,19.58 million,Technology,Computer Hardware,3.361,41.8,50.25,1.01,0.82,0.13
TPC,4.43,85.91,141.86,39.5,-1,0.55,0.45,-1/14,buy,57.9-102.3,-7.03,16.0,125.0,120.62,- Buy time -,1.09 million,Industrials,Engineering & Construction,2.06,88.63,118.23,1.03,0.73,1.86
ETON,4.45,54.88,36.63,122.93,-1,0.24,1.26,-1/14,buy,14.27-66.37,-14.19,17.0,76.0,73.5,Buy,621.23 thousand,Healthcare,Drug Manufacturers - Specialty & Generic,0.9,52.05,63.59,0.95,0.86,0.4
HOOD,4.62,109.51,151.9,2.02,2,0.18,0.42,2/14,buy,63.515-153.56,-0.23,28.999999999999996,170.0,152.16,Sell ALL,20.54 million,Financial Services,Capital Markets,2.354,108.47,130.06,0.99,0.84,0.12
FSM,4.62,10.12,199.5,62.55,2,-0.08,-0.26,2/14,strongBuy,7.69-13.85,-26.58,27.0,14.5,14.5,Sell ALL,6.30 million,Basic Materials,Gold,2.179,10.74,13.08,1.06,0.77,0.27
ALLT,4.83,8.13,115.71,-8.74,2,0.03,0.59,2/14,buy,6.12-11.92,2.46,32.0,17.0,15.24,Sell ALL,278.97 thousand,Technology,Software - Infrastructure,1.482,8.1,9.86,1.0,0.82,0.22
CL=F,4.97,88.88,181.4,65.37,0,1,1,0/14,,54.98-119.48,7.48,26.0,0.1,0.1,Sell ALL,306.91 thousand,N/A,N/A,1,88.59,105.96,1.0,0.84,0.24
DE,5.12,656.87,67.54,24.58,2,1.2,0.22,2/14,buy,433.0-721.22,5.43,9.0,813.18,752.51,Sell ALL,1.28 million,Industrials,Farm & Heavy Construction Machinery,0.872,645.3,780.21,0.98,0.84,0.18
QUCY,5.14,1.43,175.52,29.99,0,0,0,0/14,buy,0.3-4.93,-2.8,71.0,9.0,9.0,Buy time,803.13 thousand,Healthcare,Diagnostics & Research,2.381,1.4,1.7,0.98,0.84,0.25
RKLB,5.2,71.92,264.5,-16.95,1,0.01,0.07,1/14,buy,37.57-151.0,6.1,52.0,150.0,129.57,Buy time,20.42 million,Industrials,Aerospace & Defense,2.938,73.94,88.06,1.03,0.82,0.13
CLS,6.24,371.57,97.44,15.48,2,0.27,0.12,2/14,buy,238.23-474.03,14.58,22.0,550.0,511.96,Sell,2.64 million,Technology,Electronic Components,1.316,346.55,418.62,0.93,0.89,0.22
SPOT,6.3,512.92,143.47,15.91,4,0.34,0.11,4/14,buy,405.0-700.12,-2.79,27.0,700.1635,647.12,Buy,1.64 million,Communication Services,Internet Content & Information,1.614,515.25,617.85,1.0,0.83,0.13
ADMA,6.57,10.14,25.68,27.29,3,-0.02,-0.12,3/14,buy,7.21-20.458,6.51,50.0,21.0,19.0,Buy time,2.64 million,Healthcare,Biotechnology,0.694,9.51,11.39,0.94,0.89,0.1
SMWB,6.68,8.13,159.03,77.5,1,0.02,0.38,1/14,hold,2.22-9.5,-13.04,14.000000000000002,12.0,11.42,== less Sell ALL==,1.08 million,Technology,Software - Application,1.304,8.12,10.31,1.0,0.79,1.48
BTC-USD,6.97,83322.98,82.51,51.21,4,1,1,4/19,,57747.766-124167.09,5.99,33.0,0.1,0.1,Sell ALL,30.35 billion,N/A,N/A,1,73427.51,88253.05,0.88,0.94,0.43
DSP,7.05,12.78,107.74,9.89,4,0.0,0.02,4/14,buy,8.11-14.8,0.78,14.000000000000002,24.0,21.75,Buy time,409.71 thousand,Technology,Software - Application,1.108,12.76,15.6,1.0,0.82,0.52
BRZE,8.19,28.46,192.46,69.11,5,0.03,0.18,5/14,buy,15.26-37.327,-19.78,24.0,50.0,43.65,Buy time,2.76 million,Technology,Software - Application,0.911,27.4,32.99,0.96,0.86,0.13
MU,9.18,1088.0,300.77,41.03,2,1.6,0.05,2/14,buy,179.61-1255.0,14.03,13.0,2200.0,1867.78,== less Sell ALL==,36.36 million,Technology,Semiconductors,2.226,983.23,1178.03,0.9,0.92,0.05
AVPT,9.48,14.28,145.49,34.96,6,0.07,0.82,6/14,buy,8.835-15.48,-0.14,8.0,26.0,21.4,Buy time,2.60 million,Technology,Software - Infrastructure,1.169,13.48,16.49,0.94,0.87,0.19
SEI,10.1,76.46,206.52,66.48,1,0.26,0.94,1/14,buy,38.499-86.19,31.01,11.0,120.0,110.64,Buy time,2.85 million,Energy,Oil & Gas Equipment & Services,1.285,64.9,78.21,0.85,0.98,0.31
TARS,10.72,73.61,56.12,23.86,9,0.03,-0.57,9/14,buy,53.89-91.53,2.3,20.0,116.0,107.75,mere Sell (some bought),840.32 thousand,Healthcare,Biotechnology,0.446,71.66,84.44,0.97,0.87,0.09
NVDA,10.78,237.47,196.98,38.49,6,0.23,0.12,6/14,buy,164.27-243.37,4.1,2.0,515.0,421.86,Buy time,129.07 million,Technology,Semiconductors,2.216,221.07,269.81,0.93,0.88,0.15
ECOR,11.57,9.72,83.24,113.12,4,0.11,0.25,4/14,buy,4.41-12.7,0.1,23.0,26.0,22.59,mere Sell (some bought),113.66 thousand,Healthcare,Medical Devices,1.054,9.4,11.29,0.97,0.86,0.69
JVA,11.87,4.65,101.63,68.11,4,0.05,1.84,4/14,,2.93-5.03,25.59,8.0,0.1,0.1,- Buy time -,85.52 thousand,Consumer Defensive,Packaged Foods,1.423,3.78,5.1,0.81,0.91,2.5
PLTR,12.91,194.12,159.99,105.23,7,0.11,0.37,7/14,buy,106.37-207.52,4.22,6.0,255.0,227.42,Buy time,33.29 million,Technology,Software - Infrastructure,1.602,166.22,200.14,0.86,0.97,0.08
UI,14.45,634.66,161.19,44.3,11,0.29,0.08,11/14,strongBuy,500.23-1099.99,6.59,42.0,980.0,857.25,Buy time,123.16 thousand,Technology,Communication Equipment,1.307,580.53,699.73,0.91,0.91,0.13
EUDA,14.82,19.04,161.06,151.32,1,1,1,1/14,,5.26-86.0,21.06,78.0,55.0,55.0,Buy time,17.47 thousand,Real Estate,Real Estate Services,0.586,15.77,20.15,0.83,0.94,2.18
SMCI,15.48,44.94,220.86,119.99,7,0.96,1.12,7/14,hold,19.48-58.78,14.42,24.0,60.0,50.93,Buy time,51.87 million,Technology,Computer Hardware,2.009,36.47,45.41,0.81,0.99,0.51
SMTC,15.5,193.78,316.85,116.22,5,0.16,0.28,5/14,buy,60.28-201.99,26.5,4.0,300.0,256.23,Buy time,3.13 million,Technology,Semiconductors,2.415,154.81,188.3,0.8,1.03,0.09
CANG,17.24,3.58,67.03,178.33,3,0.16,0.18,3/14,buy,1.36-23.9,27.65,85.0,8.5,7.38,Buy time,549.72 thousand,Financial Services,Capital Markets,1,2.32,3.01,0.65,1.19,2.25
FLXS,10.02,86.5,49.61,53.79,7,0.57,0.68,7/14,buy,34.0-90.65,5.32,5.0,80.0,79.75,Buy time,78.35 thousand,Consumer Cyclical,Furnishings, Fixtures & Appliances,0.529,79.59,96.62,0.92,0.9,0.32
NTRA,11.69,395.56,108.52,95.51,5,0.01,0.03,5/14,buy,167.985-437.408,14.37,10.0,480.0,428.72,Sell ALL,1.72 million,Healthcare,Diagnostics & Research,1.499,331.17,405.76,0.84,0.97,0.36
ZETA,18.63,33.74,236.39,112.18,12,0.13,0.79,12/14,buy,14.365-34.8,10.43,3.0,44.0,38.21,Buy time,8.24 million,Technology,Software - Infrastructure,1.392,28.26,33.98,0.84,0.99,0.14
PRTH,8.13,7.78,131.5,54.15,-2,0.1,0.42,-2/14,hold,4.44-7.91,30.46,2.0,8.05,8.04,Sell ALL,1.94 million,Technology,Software - Infrastructure,1.578,6.46,10.06,0.83,0.77,2.5
MSTR,13.79,153.37,347.42,141.76,2,-50.44,-10.45,2/14,buy,81.81-336.36,10.41,54.0,435.0,335.9,Sell ALL,23.59 million,Technology,Software - Application,3.571,123.17,158.51,0.8,0.97,0.25
KOD,20.0,91.08,116.19,405.21,-5,-0.02,-0.03,-5/14,buy,10.94-104.0,57.05,12.0,145.0,130.83,Sell,977.02 thousand,Healthcare,Biotechnology,2.035,48.51,66.02,0.53,1.38,0.39
